Consumption (kWh), Start, End
0.00E+00, 2022-04-05T00:00:00+01:00, 2022-04-05T00:30:00+01:00
0.00E+00, 2022-04-05T00:30:00+01:00, 2022-04-05T01:00:00+01:00
0.00E+00, 2022-04-05T01:00:00+01:00, 2022-04-05T01:30:00+01:00
0.00E+00, 2022-04-05T01:30:00+01:00, 2022-04-05T02:00:00+01:00
0.00E+00, 2022-04-05T02:00:00+01:00, 2022-04-05T02:30:00+01:00
0.00E+00, 2022-04-05T02:30:00+01:00, 2022-04-05T03:00:00+01:00
0.00E+00, 2022-04-05T03:00:00+01:00, 2022-04-05T03:30:00+01:00
0.00E+00, 2022-04-05T03:30:00+01:00, 2022-04-05T04:00:00+01:00
0.00E+00, 2022-04-05T04:00:00+01:00, 2022-04-05T04:30:00+01:00
0.00E+00, 2022-04-05T04:30:00+01:00, 2022-04-05T05:00:00+01:00
0.00E+00, 2022-04-05T05:00:00+01:00, 2022-04-05T05:30:00+01:00
0.00E+00, 2022-04-05T05:30:00+01:00, 2022-04-05T06:00:00+01:00
0.00E+00, 2022-04-05T06:00:00+01:00, 2022-04-05T06:30:00+01:00
0.00E+00, 2022-04-05T06:30:00+01:00, 2022-04-05T07:00:00+01:00
0.012, 2022-04-05T07:00:00+01:00, 2022-04-05T07:30:00+01:00
0.216, 2022-04-05T07:30:00+01:00, 2022-04-05T08:00:00+01:00
0.649, 2022-04-05T08:00:00+01:00, 2022-04-05T08:30:00+01:00
0.629, 2022-04-05T08:30:00+01:00, 2022-04-05T09:00:00+01:00
1.01, 2022-04-05T09:00:00+01:00, 2022-04-05T09:30:00+01:00
1.107, 2022-04-05T09:30:00+01:00, 2022-04-05T10:00:00+01:00
1.299, 2022-04-05T10:00:00+01:00, 2022-04-05T10:30:00+01:00
1.194, 2022-04-05T10:30:00+01:00, 2022-04-05T11:00:00+01:00
1.812, 2022-04-05T11:00:00+01:00, 2022-04-05T11:30:00+01:00
1.868, 2022-04-05T11:30:00+01:00, 2022-04-05T12:00:00+01:00
2.03, 2022-04-05T12:00:00+01:00, 2022-04-05T12:30:00+01:00
1.588, 2022-04-05T12:30:00+01:00, 2022-04-05T13:00:00+01:00
1.608, 2022-04-05T13:00:00+01:00, 2022-04-05T13:30:00+01:00
1.866, 2022-04-05T13:30:00+01:00, 2022-04-05T14:00:00+01:00
1.718, 2022-04-05T14:00:00+01:00, 2022-04-05T14:30:00+01:00
2.234, 2022-04-05T14:30:00+01:00, 2022-04-05T15:00:00+01:00
1.451, 2022-04-05T15:00:00+01:00, 2022-04-05T15:30:00+01:00
0.812, 2022-04-05T15:30:00+01:00, 2022-04-05T16:00:00+01:00
1.034, 2022-04-05T16:00:00+01:00, 2022-04-05T16:30:00+01:00
1.27, 2022-04-05T16:30:00+01:00, 2022-04-05T17:00:00+01:00
0.751, 2022-04-05T17:00:00+01:00, 2022-04-05T17:30:00+01:00
0.525, 2022-04-05T17:30:00+01:00, 2022-04-05T18:00:00+01:00
0.162, 2022-04-05T18:00:00+01:00, 2022-04-05T18:30:00+01:00
0.015, 2022-04-05T18:30:00+01:00, 2022-04-05T19:00:00+01:00
0.00E+00, 2022-04-05T19:00:00+01:00, 2022-04-05T19:30:00+01:00
0.00E+00, 2022-04-05T19:30:00+01:00, 2022-04-05T20:00:00+01:00
0.00E+00, 2022-04-05T20:00:00+01:00, 2022-04-05T20:30:00+01:00
0.00E+00, 2022-04-05T20:30:00+01:00, 2022-04-05T21:00:00+01:00
0.00E+00, 2022-04-05T21:00:00+01:00, 2022-04-05T21:30:00+01:00
0.00E+00, 2022-04-05T21:30:00+01:00, 2022-04-05T22:00:00+01:00
0.00E+00, 2022-04-05T22:00:00+01:00, 2022-04-05T22:30:00+01:00
0.00E+00, 2022-04-05T22:30:00+01:00, 2022-04-05T23:00:00+01:00
0.00E+00, 2022-04-05T23:00:00+01:00, 2022-04-05T23:30:00+01:00
0.00E+00, 2022-04-05T23:30:00+01:00, 2022-04-06T00:00:00+01:00
0.00E+00, 2022-04-06T00:00:00+01:00, 2022-04-06T00:30:00+01:00
0.00E+00, 2022-04-06T00:30:00+01:00, 2022-04-06T01:00:00+01:00
0.00E+00, 2022-04-06T01:00:00+01:00, 2022-04-06T01:30:00+01:00
0.00E+00, 2022-04-06T01:30:00+01:00, 2022-04-06T02:00:00+01:00
0.00E+00, 2022-04-06T02:00:00+01:00, 2022-04-06T02:30:00+01:00
0.00E+00, 2022-04-06T02:30:00+01:00, 2022-04-06T03:00:00+01:00
0.00E+00, 2022-04-06T03:00:00+01:00, 2022-04-06T03:30:00+01:00
0.00E+00, 2022-04-06T03:30:00+01:00, 2022-04-06T04:00:00+01:00
0.00E+00, 2022-04-06T04:00:00+01:00, 2022-04-06T04:30:00+01:00
0.00E+00, 2022-04-06T04:30:00+01:00, 2022-04-06T05:00:00+01:00
0.00E+00, 2022-04-06T05:00:00+01:00, 2022-04-06T05:30:00+01:00
0.00E+00, 2022-04-06T05:30:00+01:00, 2022-04-06T06:00:00+01:00
0.00E+00, 2022-04-06T06:00:00+01:00, 2022-04-06T06:30:00+01:00
0.00E+00, 2022-04-06T06:30:00+01:00, 2022-04-06T07:00:00+01:00
0.001, 2022-04-06T07:00:00+01:00, 2022-04-06T07:30:00+01:00
0.018, 2022-04-06T07:30:00+01:00, 2022-04-06T08:00:00+01:00
0.03, 2022-04-06T08:00:00+01:00, 2022-04-06T08:30:00+01:00
0.038, 2022-04-06T08:30:00+01:00, 2022-04-06T09:00:00+01:00
0.034, 2022-04-06T09:00:00+01:00, 2022-04-06T09:30:00+01:00
0.097, 2022-04-06T09:30:00+01:00, 2022-04-06T10:00:00+01:00
0.168, 2022-04-06T10:00:00+01:00, 2022-04-06T10:30:00+01:00
0.191, 2022-04-06T10:30:00+01:00, 2022-04-06T11:00:00+01:00
0.524, 2022-04-06T11:00:00+01:00, 2022-04-06T11:30:00+01:00
0.88, 2022-04-06T11:30:00+01:00, 2022-04-06T12:00:00+01:00
0.275, 2022-04-06T12:00:00+01:00, 2022-04-06T12:30:00+01:00
1.102, 2022-04-06T12:30:00+01:00, 2022-04-06T13:00:00+01:00
1.381, 2022-04-06T13:00:00+01:00, 2022-04-06T13:30:00+01:00
1.667, 2022-04-06T13:30:00+01:00, 2022-04-06T14:00:00+01:00
2.057, 2022-04-06T14:00:00+01:00, 2022-04-06T14:30:00+01:00
1.7, 2022-04-06T14:30:00+01:00, 2022-04-06T15:00:00+01:00
1.705, 2022-04-06T15:00:00+01:00, 2022-04-06T15:30:00+01:00
1.694, 2022-04-06T15:30:00+01:00, 2022-04-06T16:00:00+01:00
1.533, 2022-04-06T16:00:00+01:00, 2022-04-06T16:30:00+01:00
0.754, 2022-04-06T16:30:00+01:00, 2022-04-06T17:00:00+01:00
0.584, 2022-04-06T17:00:00+01:00, 2022-04-06T17:30:00+01:00
0.163, 2022-04-06T17:30:00+01:00, 2022-04-06T18:00:00+01:00
0.052, 2022-04-06T18:00:00+01:00, 2022-04-06T18:30:00+01:00
0.003, 2022-04-06T18:30:00+01:00, 2022-04-06T19:00:00+01:00
0.00E+00, 2022-04-06T19:00:00+01:00, 2022-04-06T19:30:00+01:00
0.00E+00, 2022-04-06T19:30:00+01:00, 2022-04-06T20:00:00+01:00
0.00E+00, 2022-04-06T20:00:00+01:00, 2022-04-06T20:30:00+01:00
0.00E+00, 2022-04-06T20:30:00+01:00, 2022-04-06T21:00:00+01:00
0.00E+00, 2022-04-06T21:00:00+01:00, 2022-04-06T21:30:00+01:00
0.00E+00, 2022-04-06T21:30:00+01:00, 2022-04-06T22:00:00+01:00
0.00E+00, 2022-04-06T22:00:00+01:00, 2022-04-06T22:30:00+01:00
0.00E+00, 2022-04-06T22:30:00+01:00, 2022-04-06T23:00:00+01:00
0.00E+00, 2022-04-06T23:00:00+01:00, 2022-04-06T23:30:00+01:00
0.00E+00, 2022-04-06T23:30:00+01:00, 2022-04-07T00:00:00+01:00
0.00E+00, 2022-04-07T00:00:00+01:00, 2022-04-07T00:30:00+01:00
0.00E+00, 2022-04-07T00:30:00+01:00, 2022-04-07T01:00:00+01:00
0.00E+00, 2022-04-07T01:00:00+01:00, 2022-04-07T01:30:00+01:00
0.00E+00, 2022-04-07T01:30:00+01:00, 2022-04-07T02:00:00+01:00
0.00E+00, 2022-04-07T02:00:00+01:00, 2022-04-07T02:30:00+01:00
0.00E+00, 2022-04-07T02:30:00+01:00, 2022-04-07T03:00:00+01:00
0.00E+00, 2022-04-07T03:00:00+01:00, 2022-04-07T03:30:00+01:00
0.00E+00, 2022-04-07T03:30:00+01:00, 2022-04-07T04:00:00+01:00
0.00E+00, 2022-04-07T04:00:00+01:00, 2022-04-07T04:30:00+01:00
0.00E+00, 2022-04-07T04:30:00+01:00, 2022-04-07T05:00:00+01:00
0.00E+00, 2022-04-07T05:00:00+01:00, 2022-04-07T05:30:00+01:00
0.00E+00, 2022-04-07T05:30:00+01:00, 2022-04-07T06:00:00+01:00
0.00E+00, 2022-04-07T06:00:00+01:00, 2022-04-07T06:30:00+01:00
0.004, 2022-04-07T06:30:00+01:00, 2022-04-07T07:00:00+01:00
0.156, 2022-04-07T07:00:00+01:00, 2022-04-07T07:30:00+01:00
0.335, 2022-04-07T07:30:00+01:00, 2022-04-07T08:00:00+01:00
0.166, 2022-04-07T08:00:00+01:00, 2022-04-07T08:30:00+01:00
0.423, 2022-04-07T08:30:00+01:00, 2022-04-07T09:00:00+01:00
0.752, 2022-04-07T09:00:00+01:00, 2022-04-07T09:30:00+01:00
0.974, 2022-04-07T09:30:00+01:00, 2022-04-07T10:00:00+01:00
1.159, 2022-04-07T10:00:00+01:00, 2022-04-07T10:30:00+01:00
1.148, 2022-04-07T10:30:00+01:00, 2022-04-07T11:00:00+01:00
1.227, 2022-04-07T11:00:00+01:00, 2022-04-07T11:30:00+01:00
1.198, 2022-04-07T11:30:00+01:00, 2022-04-07T12:00:00+01:00
1.677, 2022-04-07T12:00:00+01:00, 2022-04-07T12:30:00+01:00
1.382, 2022-04-07T12:30:00+01:00, 2022-04-07T13:00:00+01:00
1.963, 2022-04-07T13:00:00+01:00, 2022-04-07T13:30:00+01:00
1.826, 2022-04-07T13:30:00+01:00, 2022-04-07T14:00:00+01:00
1.712, 2022-04-07T14:00:00+01:00, 2022-04-07T14:30:00+01:00
2.116, 2022-04-07T14:30:00+01:00, 2022-04-07T15:00:00+01:00
2.2, 2022-04-07T15:00:00+01:00, 2022-04-07T15:30:00+01:00
1.157, 2022-04-07T15:30:00+01:00, 2022-04-07T16:00:00+01:00
1.088, 2022-04-07T16:00:00+01:00, 2022-04-07T16:30:00+01:00
1.02, 2022-04-07T16:30:00+01:00, 2022-04-07T17:00:00+01:00
0.295, 2022-04-07T17:00:00+01:00, 2022-04-07T17:30:00+01:00
0.773, 2022-04-07T17:30:00+01:00, 2022-04-07T18:00:00+01:00
0.341, 2022-04-07T18:00:00+01:00, 2022-04-07T18:30:00+01:00
0.287, 2022-04-07T18:30:00+01:00, 2022-04-07T19:00:00+01:00
0.016, 2022-04-07T19:00:00+01:00, 2022-04-07T19:30:00+01:00
0.00E+00, 2022-04-07T19:30:00+01:00, 2022-04-07T20:00:00+01:00
0.00E+00, 2022-04-07T20:00:00+01:00, 2022-04-07T20:30:00+01:00
0.00E+00, 2022-04-07T20:30:00+01:00, 2022-04-07T21:00:00+01:00
0.00E+00, 2022-04-07T21:00:00+01:00, 2022-04-07T21:30:00+01:00
0.00E+00, 2022-04-07T21:30:00+01:00, 2022-04-07T22:00:00+01:00
0.00E+00, 2022-04-07T22:00:00+01:00, 2022-04-07T22:30:00+01:00
0.00E+00, 2022-04-07T22:30:00+01:00, 2022-04-07T23:00:00+01:00
0.00E+00, 2022-04-07T23:00:00+01:00, 2022-04-07T23:30:00+01:00
0.00E+00, 2022-04-07T23:30:00+01:00, 2022-04-08T00:00:00+01:00
0.00E+00, 2022-04-08T00:00:00+01:00, 2022-04-08T00:30:00+01:00
0.00E+00, 2022-04-08T00:30:00+01:00, 2022-04-08T01:00:00+01:00
0.00E+00, 2022-04-08T01:00:00+01:00, 2022-04-08T01:30:00+01:00
0.00E+00, 2022-04-08T01:30:00+01:00, 2022-04-08T02:00:00+01:00
0.00E+00, 2022-04-08T02:00:00+01:00, 2022-04-08T02:30:00+01:00
0.00E+00, 2022-04-08T02:30:00+01:00, 2022-04-08T03:00:00+01:00
0.00E+00, 2022-04-08T03:00:00+01:00, 2022-04-08T03:30:00+01:00
0.00E+00, 2022-04-08T03:30:00+01:00, 2022-04-08T04:00:00+01:00
0.00E+00, 2022-04-08T04:00:00+01:00, 2022-04-08T04:30:00+01:00
0.00E+00, 2022-04-08T04:30:00+01:00, 2022-04-08T05:00:00+01:00
0.00E+00, 2022-04-08T05:00:00+01:00, 2022-04-08T05:30:00+01:00
0.00E+00, 2022-04-08T05:30:00+01:00, 2022-04-08T06:00:00+01:00
0.00E+00, 2022-04-08T06:00:00+01:00, 2022-04-08T06:30:00+01:00
0.00E+00, 2022-04-08T06:30:00+01:00, 2022-04-08T07:00:00+01:00
0.00E+00, 2022-04-08T07:00:00+01:00, 2022-04-08T07:30:00+01:00
0.00E+00, 2022-04-08T07:30:00+01:00, 2022-04-08T08:00:00+01:00
0.00E+00, 2022-04-08T08:00:00+01:00, 2022-04-08T08:30:00+01:00
0.054, 2022-04-08T08:30:00+01:00, 2022-04-08T09:00:00+01:00
0.102, 2022-04-08T09:00:00+01:00, 2022-04-08T09:30:00+01:00
0.261, 2022-04-08T09:30:00+01:00, 2022-04-08T10:00:00+01:00
0.282, 2022-04-08T10:00:00+01:00, 2022-04-08T10:30:00+01:00
0.55, 2022-04-08T10:30:00+01:00, 2022-04-08T11:00:00+01:00
0.568, 2022-04-08T11:00:00+01:00, 2022-04-08T11:30:00+01:00
1.067, 2022-04-08T11:30:00+01:00, 2022-04-08T12:00:00+01:00
1.012, 2022-04-08T12:00:00+01:00, 2022-04-08T12:30:00+01:00
1.57, 2022-04-08T12:30:00+01:00, 2022-04-08T13:00:00+01:00
1.38, 2022-04-08T13:00:00+01:00, 2022-04-08T13:30:00+01:00
1.14, 2022-04-08T13:30:00+01:00, 2022-04-08T14:00:00+01:00
1.076, 2022-04-08T14:00:00+01:00, 2022-04-08T14:30:00+01:00
0.984, 2022-04-08T14:30:00+01:00, 2022-04-08T15:00:00+01:00
0.881, 2022-04-08T15:00:00+01:00, 2022-04-08T15:30:00+01:00
1.736, 2022-04-08T15:30:00+01:00, 2022-04-08T16:00:00+01:00
0.978, 2022-04-08T16:00:00+01:00, 2022-04-08T16:30:00+01:00
1.112, 2022-04-08T16:30:00+01:00, 2022-04-08T17:00:00+01:00
0.241, 2022-04-08T17:00:00+01:00, 2022-04-08T17:30:00+01:00
0.142, 2022-04-08T17:30:00+01:00, 2022-04-08T18:00:00+01:00
0.008, 2022-04-08T18:00:00+01:00, 2022-04-08T18:30:00+01:00
0.00E+00, 2022-04-08T18:30:00+01:00, 2022-04-08T19:00:00+01:00
0.00E+00, 2022-04-08T19:00:00+01:00, 2022-04-08T19:30:00+01:00
0.00E+00, 2022-04-08T19:30:00+01:00, 2022-04-08T20:00:00+01:00
0.00E+00, 2022-04-08T20:00:00+01:00, 2022-04-08T20:30:00+01:00
0.00E+00, 2022-04-08T20:30:00+01:00, 2022-04-08T21:00:00+01:00
0.00E+00, 2022-04-08T21:00:00+01:00, 2022-04-08T21:30:00+01:00
0.00E+00, 2022-04-08T21:30:00+01:00, 2022-04-08T22:00:00+01:00
0.00E+00, 2022-04-08T22:00:00+01:00, 2022-04-08T22:30:00+01:00
0.00E+00, 2022-04-08T22:30:00+01:00, 2022-04-08T23:00:00+01:00
0.00E+00, 2022-04-08T23:00:00+01:00, 2022-04-08T23:30:00+01:00
0.00E+00, 2022-04-08T23:30:00+01:00, 2022-04-09T00:00:00+01:00
0.00E+00, 2022-04-09T00:00:00+01:00, 2022-04-09T00:30:00+01:00
0.00E+00, 2022-04-09T00:30:00+01:00, 2022-04-09T01:00:00+01:00
0.00E+00, 2022-04-09T01:00:00+01:00, 2022-04-09T01:30:00+01:00
0.00E+00, 2022-04-09T01:30:00+01:00, 2022-04-09T02:00:00+01:00
0.00E+00, 2022-04-09T02:00:00+01:00, 2022-04-09T02:30:00+01:00
0.00E+00, 2022-04-09T02:30:00+01:00, 2022-04-09T03:00:00+01:00
0.00E+00, 2022-04-09T03:00:00+01:00, 2022-04-09T03:30:00+01:00
0.00E+00, 2022-04-09T03:30:00+01:00, 2022-04-09T04:00:00+01:00
0.00E+00, 2022-04-09T04:00:00+01:00, 2022-04-09T04:30:00+01:00
0.00E+00, 2022-04-09T04:30:00+01:00, 2022-04-09T05:00:00+01:00
0.00E+00, 2022-04-09T05:00:00+01:00, 2022-04-09T05:30:00+01:00
0.00E+00, 2022-04-09T05:30:00+01:00, 2022-04-09T06:00:00+01:00
0.00E+00, 2022-04-09T06:00:00+01:00, 2022-04-09T06:30:00+01:00
0.00E+00, 2022-04-09T06:30:00+01:00, 2022-04-09T07:00:00+01:00
0.186, 2022-04-09T07:00:00+01:00, 2022-04-09T07:30:00+01:00
0.521, 2022-04-09T07:30:00+01:00, 2022-04-09T08:00:00+01:00
0.819, 2022-04-09T08:00:00+01:00, 2022-04-09T08:30:00+01:00
1.057, 2022-04-09T08:30:00+01:00, 2022-04-09T09:00:00+01:00
1.098, 2022-04-09T09:00:00+01:00, 2022-04-09T09:30:00+01:00
0.81, 2022-04-09T09:30:00+01:00, 2022-04-09T10:00:00+01:00
1.066, 2022-04-09T10:00:00+01:00, 2022-04-09T10:30:00+01:00
1.797, 2022-04-09T10:30:00+01:00, 2022-04-09T11:00:00+01:00
1.525, 2022-04-09T11:00:00+01:00, 2022-04-09T11:30:00+01:00
1.703, 2022-04-09T11:30:00+01:00, 2022-04-09T12:00:00+01:00
1.186, 2022-04-09T12:00:00+01:00, 2022-04-09T12:30:00+01:00
1.356, 2022-04-09T12:30:00+01:00, 2022-04-09T13:00:00+01:00
1.58, 2022-04-09T13:00:00+01:00, 2022-04-09T13:30:00+01:00
1.375, 2022-04-09T13:30:00+01:00, 2022-04-09T14:00:00+01:00
1.461, 2022-04-09T14:00:00+01:00, 2022-04-09T14:30:00+01:00
1.359, 2022-04-09T14:30:00+01:00, 2022-04-09T15:00:00+01:00
1.441, 2022-04-09T15:00:00+01:00, 2022-04-09T15:30:00+01:00
1.527, 2022-04-09T15:30:00+01:00, 2022-04-09T16:00:00+01:00
2.211, 2022-04-09T16:00:00+01:00, 2022-04-09T16:30:00+01:00
1.96, 2022-04-09T16:30:00+01:00, 2022-04-09T17:00:00+01:00
0.928, 2022-04-09T17:00:00+01:00, 2022-04-09T17:30:00+01:00
0.569, 2022-04-09T17:30:00+01:00, 2022-04-09T18:00:00+01:00
0.015, 2022-04-09T18:00:00+01:00, 2022-04-09T18:30:00+01:00
0.00E+00, 2022-04-09T18:30:00+01:00, 2022-04-09T19:00:00+01:00
0.00E+00, 2022-04-09T19:00:00+01:00, 2022-04-09T19:30:00+01:00
0.00E+00, 2022-04-09T19:30:00+01:00, 2022-04-09T20:00:00+01:00
0.00E+00, 2022-04-09T20:00:00+01:00, 2022-04-09T20:30:00+01:00
0.00E+00, 2022-04-09T20:30:00+01:00, 2022-04-09T21:00:00+01:00
0.00E+00, 2022-04-09T21:00:00+01:00, 2022-04-09T21:30:00+01:00
0.00E+00, 2022-04-09T21:30:00+01:00, 2022-04-09T22:00:00+01:00
0.00E+00, 2022-04-09T22:00:00+01:00, 2022-04-09T22:30:00+01:00
0.00E+00, 2022-04-09T22:30:00+01:00, 2022-04-09T23:00:00+01:00
0.00E+00, 2022-04-09T23:00:00+01:00, 2022-04-09T23:30:00+01:00
0.00E+00, 2022-04-09T23:30:00+01:00, 2022-04-10T00:00:00+01:00
0.00E+00, 2022-04-10T00:00:00+01:00, 2022-04-10T00:30:00+01:00
0.00E+00, 2022-04-10T00:30:00+01:00, 2022-04-10T01:00:00+01:00
0.00E+00, 2022-04-10T01:00:00+01:00, 2022-04-10T01:30:00+01:00
0.00E+00, 2022-04-10T01:30:00+01:00, 2022-04-10T02:00:00+01:00
0.00E+00, 2022-04-10T02:00:00+01:00, 2022-04-10T02:30:00+01:00
0.00E+00, 2022-04-10T02:30:00+01:00, 2022-04-10T03:00:00+01:00
0.00E+00, 2022-04-10T03:00:00+01:00, 2022-04-10T03:30:00+01:00
0.00E+00, 2022-04-10T03:30:00+01:00, 2022-04-10T04:00:00+01:00
0.00E+00, 2022-04-10T04:00:00+01:00, 2022-04-10T04:30:00+01:00
0.00E+00, 2022-04-10T04:30:00+01:00, 2022-04-10T05:00:00+01:00
0.00E+00, 2022-04-10T05:00:00+01:00, 2022-04-10T05:30:00+01:00
0.00E+00, 2022-04-10T05:30:00+01:00, 2022-04-10T06:00:00+01:00
0.00E+00, 2022-04-10T06:00:00+01:00, 2022-04-10T06:30:00+01:00
0.00E+00, 2022-04-10T06:30:00+01:00, 2022-04-10T07:00:00+01:00
0.192, 2022-04-10T07:00:00+01:00, 2022-04-10T07:30:00+01:00
0.368, 2022-04-10T07:30:00+01:00, 2022-04-10T08:00:00+01:00
0.542, 2022-04-10T08:00:00+01:00, 2022-04-10T08:30:00+01:00
0.238, 2022-04-10T08:30:00+01:00, 2022-04-10T09:00:00+01:00
0.712, 2022-04-10T09:00:00+01:00, 2022-04-10T09:30:00+01:00
0.779, 2022-04-10T09:30:00+01:00, 2022-04-10T10:00:00+01:00
1.259, 2022-04-10T10:00:00+01:00, 2022-04-10T10:30:00+01:00
1.015, 2022-04-10T10:30:00+01:00, 2022-04-10T11:00:00+01:00
1.908, 2022-04-10T11:00:00+01:00, 2022-04-10T11:30:00+01:00
2.156, 2022-04-10T11:30:00+01:00, 2022-04-10T12:00:00+01:00
2.293, 2022-04-10T12:00:00+01:00, 2022-04-10T12:30:00+01:00
2.219, 2022-04-10T12:30:00+01:00, 2022-04-10T13:00:00+01:00
2.279, 2022-04-10T13:00:00+01:00, 2022-04-10T13:30:00+01:00
2.106, 2022-04-10T13:30:00+01:00, 2022-04-10T14:00:00+01:00
2.147, 2022-04-10T14:00:00+01:00, 2022-04-10T14:30:00+01:00
2.036, 2022-04-10T14:30:00+01:00, 2022-04-10T15:00:00+01:00
1.766, 2022-04-10T15:00:00+01:00, 2022-04-10T15:30:00+01:00
1.357, 2022-04-10T15:30:00+01:00, 2022-04-10T16:00:00+01:00
1.11, 2022-04-10T16:00:00+01:00, 2022-04-10T16:30:00+01:00
0.818, 2022-04-10T16:30:00+01:00, 2022-04-10T17:00:00+01:00
0.637, 2022-04-10T17:00:00+01:00, 2022-04-10T17:30:00+01:00
0.394, 2022-04-10T17:30:00+01:00, 2022-04-10T18:00:00+01:00
0.148, 2022-04-10T18:00:00+01:00, 2022-04-10T18:30:00+01:00
0.042, 2022-04-10T18:30:00+01:00, 2022-04-10T19:00:00+01:00
0.00E+00, 2022-04-10T19:00:00+01:00, 2022-04-10T19:30:00+01:00
0.00E+00, 2022-04-10T19:30:00+01:00, 2022-04-10T20:00:00+01:00
0.00E+00, 2022-04-10T20:00:00+01:00, 2022-04-10T20:30:00+01:00
0.00E+00, 2022-04-10T20:30:00+01:00, 2022-04-10T21:00:00+01:00
0.00E+00, 2022-04-10T21:00:00+01:00, 2022-04-10T21:30:00+01:00
0.00E+00, 2022-04-10T21:30:00+01:00, 2022-04-10T22:00:00+01:00
0.00E+00, 2022-04-10T22:00:00+01:00, 2022-04-10T22:30:00+01:00
0.00E+00, 2022-04-10T22:30:00+01:00, 2022-04-10T23:00:00+01:00
0.00E+00, 2022-04-10T23:00:00+01:00, 2022-04-10T23:30:00+01:00
0.00E+00, 2022-04-10T23:30:00+01:00, 2022-04-11T00:00:00+01:00
0.00E+00, 2022-04-11T00:00:00+01:00, 2022-04-11T00:30:00+01:00
0.00E+00, 2022-04-11T00:30:00+01:00, 2022-04-11T01:00:00+01:00
0.00E+00, 2022-04-11T01:00:00+01:00, 2022-04-11T01:30:00+01:00
0.00E+00, 2022-04-11T01:30:00+01:00, 2022-04-11T02:00:00+01:00
0.00E+00, 2022-04-11T02:00:00+01:00, 2022-04-11T02:30:00+01:00
0.00E+00, 2022-04-11T02:30:00+01:00, 2022-04-11T03:00:00+01:00
0.00E+00, 2022-04-11T03:00:00+01:00, 2022-04-11T03:30:00+01:00
0.00E+00, 2022-04-11T03:30:00+01:00, 2022-04-11T04:00:00+01:00
0.00E+00, 2022-04-11T04:00:00+01:00, 2022-04-11T04:30:00+01:00
0.00E+00, 2022-04-11T04:30:00+01:00, 2022-04-11T05:00:00+01:00
0.00E+00, 2022-04-11T05:00:00+01:00, 2022-04-11T05:30:00+01:00
0.00E+00, 2022-04-11T05:30:00+01:00, 2022-04-11T06:00:00+01:00
0.00E+00, 2022-04-11T06:00:00+01:00, 2022-04-11T06:30:00+01:00
0.006, 2022-04-11T06:30:00+01:00, 2022-04-11T07:00:00+01:00
0.163, 2022-04-11T07:00:00+01:00, 2022-04-11T07:30:00+01:00
0.395, 2022-04-11T07:30:00+01:00, 2022-04-11T08:00:00+01:00
0.784, 2022-04-11T08:00:00+01:00, 2022-04-11T08:30:00+01:00
0.903, 2022-04-11T08:30:00+01:00, 2022-04-11T09:00:00+01:00
1.174, 2022-04-11T09:00:00+01:00, 2022-04-11T09:30:00+01:00
1.295, 2022-04-11T09:30:00+01:00, 2022-04-11T10:00:00+01:00
1.726, 2022-04-11T10:00:00+01:00, 2022-04-11T10:30:00+01:00
1.915, 2022-04-11T10:30:00+01:00, 2022-04-11T11:00:00+01:00
1.791, 2022-04-11T11:00:00+01:00, 2022-04-11T11:30:00+01:00
1.658, 2022-04-11T11:30:00+01:00, 2022-04-11T12:00:00+01:00
1.975, 2022-04-11T12:00:00+01:00, 2022-04-11T12:30:00+01:00
1.938, 2022-04-11T12:30:00+01:00, 2022-04-11T13:00:00+01:00
2.322, 2022-04-11T13:00:00+01:00, 2022-04-11T13:30:00+01:00
1.946, 2022-04-11T13:30:00+01:00, 2022-04-11T14:00:00+01:00
1.644, 2022-04-11T14:00:00+01:00, 2022-04-11T14:30:00+01:00
1.381, 2022-04-11T14:30:00+01:00, 2022-04-11T15:00:00+01:00
0.444, 2022-04-11T15:00:00+01:00, 2022-04-11T15:30:00+01:00
0.485, 2022-04-11T15:30:00+01:00, 2022-04-11T16:00:00+01:00
0.993, 2022-04-11T16:00:00+01:00, 2022-04-11T16:30:00+01:00
0.35, 2022-04-11T16:30:00+01:00, 2022-04-11T17:00:00+01:00
0.28, 2022-04-11T17:00:00+01:00, 2022-04-11T17:30:00+01:00
0.403, 2022-04-11T17:30:00+01:00, 2022-04-11T18:00:00+01:00
0.039, 2022-04-11T18:00:00+01:00, 2022-04-11T18:30:00+01:00
0.00E+00, 2022-04-11T18:30:00+01:00, 2022-04-11T19:00:00+01:00
0.00E+00, 2022-04-11T19:00:00+01:00, 2022-04-11T19:30:00+01:00
0.00E+00, 2022-04-11T19:30:00+01:00, 2022-04-11T20:00:00+01:00
0.00E+00, 2022-04-11T20:00:00+01:00, 2022-04-11T20:30:00+01:00
0.00E+00, 2022-04-11T20:30:00+01:00, 2022-04-11T21:00:00+01:00
0.00E+00, 2022-04-11T21:00:00+01:00, 2022-04-11T21:30:00+01:00
0.00E+00, 2022-04-11T21:30:00+01:00, 2022-04-11T22:00:00+01:00
0.00E+00, 2022-04-11T22:00:00+01:00, 2022-04-11T22:30:00+01:00
0.00E+00, 2022-04-11T22:30:00+01:00, 2022-04-11T23:00:00+01:00
0.00E+00, 2022-04-11T23:00:00+01:00, 2022-04-11T23:30:00+01:00
0.00E+00, 2022-04-11T23:30:00+01:00, 2022-04-12T00:00:00+01:00
0.00E+00, 2022-04-12T00:00:00+01:00, 2022-04-12T00:30:00+01:00
0.00E+00, 2022-04-12T00:30:00+01:00, 2022-04-12T01:00:00+01:00
0.00E+00, 2022-04-12T01:00:00+01:00, 2022-04-12T01:30:00+01:00
0.00E+00, 2022-04-12T01:30:00+01:00, 2022-04-12T02:00:00+01:00
0.00E+00, 2022-04-12T02:00:00+01:00, 2022-04-12T02:30:00+01:00
0.00E+00, 2022-04-12T02:30:00+01:00, 2022-04-12T03:00:00+01:00
0.00E+00, 2022-04-12T03:00:00+01:00, 2022-04-12T03:30:00+01:00
0.00E+00, 2022-04-12T03:30:00+01:00, 2022-04-12T04:00:00+01:00
0.00E+00, 2022-04-12T04:00:00+01:00, 2022-04-12T04:30:00+01:00
0.00E+00, 2022-04-12T04:30:00+01:00, 2022-04-12T05:00:00+01:00
0.00E+00, 2022-04-12T05:00:00+01:00, 2022-04-12T05:30:00+01:00
0.00E+00, 2022-04-12T05:30:00+01:00, 2022-04-12T06:00:00+01:00
0.00E+00, 2022-04-12T06:00:00+01:00, 2022-04-12T06:30:00+01:00
0.00E+00, 2022-04-12T06:30:00+01:00, 2022-04-12T07:00:00+01:00
0.205, 2022-04-12T07:00:00+01:00, 2022-04-12T07:30:00+01:00
0.213, 2022-04-12T07:30:00+01:00, 2022-04-12T08:00:00+01:00
0.131, 2022-04-12T08:00:00+01:00, 2022-04-12T08:30:00+01:00
0.27, 2022-04-12T08:30:00+01:00, 2022-04-12T09:00:00+01:00
0.473, 2022-04-12T09:00:00+01:00, 2022-04-12T09:30:00+01:00
1.337, 2022-04-12T09:30:00+01:00, 2022-04-12T10:00:00+01:00
1.829, 2022-04-12T10:00:00+01:00, 2022-04-12T10:30:00+01:00
1.075, 2022-04-12T10:30:00+01:00, 2022-04-12T11:00:00+01:00
0.767, 2022-04-12T11:00:00+01:00, 2022-04-12T11:30:00+01:00
2.144, 2022-04-12T11:30:00+01:00, 2022-04-12T12:00:00+01:00
1.605, 2022-04-12T12:00:00+01:00, 2022-04-12T12:30:00+01:00
0.801, 2022-04-12T12:30:00+01:00, 2022-04-12T13:00:00+01:00
0.784, 2022-04-12T13:00:00+01:00, 2022-04-12T13:30:00+01:00
0.234, 2022-04-12T13:30:00+01:00, 2022-04-12T14:00:00+01:00
0.514, 2022-04-12T14:00:00+01:00, 2022-04-12T14:30:00+01:00
0.546, 2022-04-12T14:30:00+01:00, 2022-04-12T15:00:00+01:00
0.362, 2022-04-12T15:00:00+01:00, 2022-04-12T15:30:00+01:00
0.508, 2022-04-12T15:30:00+01:00, 2022-04-12T16:00:00+01:00
0.383, 2022-04-12T16:00:00+01:00, 2022-04-12T16:30:00+01:00
0.377, 2022-04-12T16:30:00+01:00, 2022-04-12T17:00:00+01:00
0.16, 2022-04-12T17:00:00+01:00, 2022-04-12T17:30:00+01:00
0.073, 2022-04-12T17:30:00+01:00, 2022-04-12T18:00:00+01:00
0.006, 2022-04-12T18:00:00+01:00, 2022-04-12T18:30:00+01:00
0.00E+00, 2022-04-12T18:30:00+01:00, 2022-04-12T19:00:00+01:00
0.00E+00, 2022-04-12T19:00:00+01:00, 2022-04-12T19:30:00+01:00
0.00E+00, 2022-04-12T19:30:00+01:00, 2022-04-12T20:00:00+01:00
0.00E+00, 2022-04-12T20:00:00+01:00, 2022-04-12T20:30:00+01:00
0.00E+00, 2022-04-12T20:30:00+01:00, 2022-04-12T21:00:00+01:00
0.00E+00, 2022-04-12T21:00:00+01:00, 2022-04-12T21:30:00+01:00
0.00E+00, 2022-04-12T21:30:00+01:00, 2022-04-12T22:00:00+01:00
0.00E+00, 2022-04-12T22:00:00+01:00, 2022-04-12T22:30:00+01:00
0.00E+00, 2022-04-12T22:30:00+01:00, 2022-04-12T23:00:00+01:00
0.00E+00, 2022-04-12T23:00:00+01:00, 2022-04-12T23:30:00+01:00
0.00E+00, 2022-04-12T23:30:00+01:00, 2022-04-13T00:00:00+01:00
0.00E+00, 2022-04-13T00:00:00+01:00, 2022-04-13T00:30:00+01:00
0.00E+00, 2022-04-13T00:30:00+01:00, 2022-04-13T01:00:00+01:00
0.00E+00, 2022-04-13T01:00:00+01:00, 2022-04-13T01:30:00+01:00
0.00E+00, 2022-04-13T01:30:00+01:00, 2022-04-13T02:00:00+01:00
0.00E+00, 2022-04-13T02:00:00+01:00, 2022-04-13T02:30:00+01:00
0.00E+00, 2022-04-13T02:30:00+01:00, 2022-04-13T03:00:00+01:00
0.00E+00, 2022-04-13T03:00:00+01:00, 2022-04-13T03:30:00+01:00
0.00E+00, 2022-04-13T03:30:00+01:00, 2022-04-13T04:00:00+01:00
0.00E+00, 2022-04-13T04:00:00+01:00, 2022-04-13T04:30:00+01:00
0.00E+00, 2022-04-13T04:30:00+01:00, 2022-04-13T05:00:00+01:00
0.00E+00, 2022-04-13T05:00:00+01:00, 2022-04-13T05:30:00+01:00
0.00E+00, 2022-04-13T05:30:00+01:00, 2022-04-13T06:00:00+01:00
0.00E+00, 2022-04-13T06:00:00+01:00, 2022-04-13T06:30:00+01:00
0.00E+00, 2022-04-13T06:30:00+01:00, 2022-04-13T07:00:00+01:00
0.003, 2022-04-13T07:00:00+01:00, 2022-04-13T07:30:00+01:00
0.085, 2022-04-13T07:30:00+01:00, 2022-04-13T08:00:00+01:00
0.199, 2022-04-13T08:00:00+01:00, 2022-04-13T08:30:00+01:00
0.312, 2022-04-13T08:30:00+01:00, 2022-04-13T09:00:00+01:00
0.475, 2022-04-13T09:00:00+01:00, 2022-04-13T09:30:00+01:00
0.671, 2022-04-13T09:30:00+01:00, 2022-04-13T10:00:00+01:00
1.131, 2022-04-13T10:00:00+01:00, 2022-04-13T10:30:00+01:00
1.487, 2022-04-13T10:30:00+01:00, 2022-04-13T11:00:00+01:00
2.14, 2022-04-13T11:00:00+01:00, 2022-04-13T11:30:00+01:00
1.846, 2022-04-13T11:30:00+01:00, 2022-04-13T12:00:00+01:00
1.8, 2022-04-13T12:00:00+01:00, 2022-04-13T12:30:00+01:00
1.649, 2022-04-13T12:30:00+01:00, 2022-04-13T13:00:00+01:00
1.227, 2022-04-13T13:00:00+01:00, 2022-04-13T13:30:00+01:00
1.756, 2022-04-13T13:30:00+01:00, 2022-04-13T14:00:00+01:00
1.707, 2022-04-13T14:00:00+01:00, 2022-04-13T14:30:00+01:00
1.253, 2022-04-13T14:30:00+01:00, 2022-04-13T15:00:00+01:00
1.058, 2022-04-13T15:00:00+01:00, 2022-04-13T15:30:00+01:00
1.517, 2022-04-13T15:30:00+01:00, 2022-04-13T16:00:00+01:00
0.142, 2022-04-13T16:00:00+01:00, 2022-04-13T16:30:00+01:00
0.922, 2022-04-13T16:30:00+01:00, 2022-04-13T17:00:00+01:00
1.068, 2022-04-13T17:00:00+01:00, 2022-04-13T17:30:00+01:00
0.967, 2022-04-13T17:30:00+01:00, 2022-04-13T18:00:00+01:00
0.712, 2022-04-13T18:00:00+01:00, 2022-04-13T18:30:00+01:00
0.396, 2022-04-13T18:30:00+01:00, 2022-04-13T19:00:00+01:00
0.012, 2022-04-13T19:00:00+01:00, 2022-04-13T19:30:00+01:00
0.00E+00, 2022-04-13T19:30:00+01:00, 2022-04-13T20:00:00+01:00
0.00E+00, 2022-04-13T20:00:00+01:00, 2022-04-13T20:30:00+01:00
0.00E+00, 2022-04-13T20:30:00+01:00, 2022-04-13T21:00:00+01:00
0.00E+00, 2022-04-13T21:00:00+01:00, 2022-04-13T21:30:00+01:00
0.00E+00, 2022-04-13T21:30:00+01:00, 2022-04-13T22:00:00+01:00
0.00E+00, 2022-04-13T22:00:00+01:00, 2022-04-13T22:30:00+01:00
0.00E+00, 2022-04-13T22:30:00+01:00, 2022-04-13T23:00:00+01:00
0.00E+00, 2022-04-13T23:00:00+01:00, 2022-04-13T23:30:00+01:00
0.00E+00, 2022-04-13T23:30:00+01:00, 2022-04-14T00:00:00+01:00
0.00E+00, 2022-04-14T00:00:00+01:00, 2022-04-14T00:30:00+01:00
0.00E+00, 2022-04-14T00:30:00+01:00, 2022-04-14T01:00:00+01:00
0.00E+00, 2022-04-14T01:00:00+01:00, 2022-04-14T01:30:00+01:00
0.00E+00, 2022-04-14T01:30:00+01:00, 2022-04-14T02:00:00+01:00
0.00E+00, 2022-04-14T02:00:00+01:00, 2022-04-14T02:30:00+01:00
0.00E+00, 2022-04-14T02:30:00+01:00, 2022-04-14T03:00:00+01:00
0.00E+00, 2022-04-14T03:00:00+01:00, 2022-04-14T03:30:00+01:00
0.00E+00, 2022-04-14T03:30:00+01:00, 2022-04-14T04:00:00+01:00
0.00E+00, 2022-04-14T04:00:00+01:00, 2022-04-14T04:30:00+01:00
0.00E+00, 2022-04-14T04:30:00+01:00, 2022-04-14T05:00:00+01:00
0.00E+00, 2022-04-14T05:00:00+01:00, 2022-04-14T05:30:00+01:00
0.00E+00, 2022-04-14T05:30:00+01:00, 2022-04-14T06:00:00+01:00
0.00E+00, 2022-04-14T06:00:00+01:00, 2022-04-14T06:30:00+01:00
0.00E+00, 2022-04-14T06:30:00+01:00, 2022-04-14T07:00:00+01:00
0.073, 2022-04-14T07:00:00+01:00, 2022-04-14T07:30:00+01:00
0.245, 2022-04-14T07:30:00+01:00, 2022-04-14T08:00:00+01:00
0.507, 2022-04-14T08:00:00+01:00, 2022-04-14T08:30:00+01:00
0.663, 2022-04-14T08:30:00+01:00, 2022-04-14T09:00:00+01:00
0.908, 2022-04-14T09:00:00+01:00, 2022-04-14T09:30:00+01:00
1.138, 2022-04-14T09:30:00+01:00, 2022-04-14T10:00:00+01:00
1.851, 2022-04-14T10:00:00+01:00, 2022-04-14T10:30:00+01:00
1.889, 2022-04-14T10:30:00+01:00, 2022-04-14T11:00:00+01:00
2.104, 2022-04-14T11:00:00+01:00, 2022-04-14T11:30:00+01:00
1.199, 2022-04-14T11:30:00+01:00, 2022-04-14T12:00:00+01:00
0.734, 2022-04-14T12:00:00+01:00, 2022-04-14T12:30:00+01:00
0.77, 2022-04-14T12:30:00+01:00, 2022-04-14T13:00:00+01:00
0.836, 2022-04-14T13:00:00+01:00, 2022-04-14T13:30:00+01:00
1.403, 2022-04-14T13:30:00+01:00, 2022-04-14T14:00:00+01:00
1.012, 2022-04-14T14:00:00+01:00, 2022-04-14T14:30:00+01:00
0.63, 2022-04-14T14:30:00+01:00, 2022-04-14T15:00:00+01:00
0.902, 2022-04-14T15:00:00+01:00, 2022-04-14T15:30:00+01:00
1.012, 2022-04-14T15:30:00+01:00, 2022-04-14T16:00:00+01:00
0.811, 2022-04-14T16:00:00+01:00, 2022-04-14T16:30:00+01:00
0.598, 2022-04-14T16:30:00+01:00, 2022-04-14T17:00:00+01:00
0.464, 2022-04-14T17:00:00+01:00, 2022-04-14T17:30:00+01:00
0.631, 2022-04-14T17:30:00+01:00, 2022-04-14T18:00:00+01:00
0.267, 2022-04-14T18:00:00+01:00, 2022-04-14T18:30:00+01:00
0.064, 2022-04-14T18:30:00+01:00, 2022-04-14T19:00:00+01:00
0.00E+00, 2022-04-14T19:00:00+01:00, 2022-04-14T19:30:00+01:00
0.00E+00, 2022-04-14T19:30:00+01:00, 2022-04-14T20:00:00+01:00
0.00E+00, 2022-04-14T20:00:00+01:00, 2022-04-14T20:30:00+01:00
0.00E+00, 2022-04-14T20:30:00+01:00, 2022-04-14T21:00:00+01:00
0.00E+00, 2022-04-14T21:00:00+01:00, 2022-04-14T21:30:00+01:00
0.00E+00, 2022-04-14T21:30:00+01:00, 2022-04-14T22:00:00+01:00
0.00E+00, 2022-04-14T22:00:00+01:00, 2022-04-14T22:30:00+01:00
0.00E+00, 2022-04-14T22:30:00+01:00, 2022-04-14T23:00:00+01:00
0.00E+00, 2022-04-14T23:00:00+01:00, 2022-04-14T23:30:00+01:00
0.00E+00, 2022-04-14T23:30:00+01:00, 2022-04-15T00:00:00+01:00
0.00E+00, 2022-04-15T00:00:00+01:00, 2022-04-15T00:30:00+01:00
0.00E+00, 2022-04-15T00:30:00+01:00, 2022-04-15T01:00:00+01:00
0.00E+00, 2022-04-15T01:00:00+01:00, 2022-04-15T01:30:00+01:00
0.00E+00, 2022-04-15T01:30:00+01:00, 2022-04-15T02:00:00+01:00
0.00E+00, 2022-04-15T02:00:00+01:00, 2022-04-15T02:30:00+01:00
0.00E+00, 2022-04-15T02:30:00+01:00, 2022-04-15T03:00:00+01:00
0.00E+00, 2022-04-15T03:00:00+01:00, 2022-04-15T03:30:00+01:00
0.00E+00, 2022-04-15T03:30:00+01:00, 2022-04-15T04:00:00+01:00
0.00E+00, 2022-04-15T04:00:00+01:00, 2022-04-15T04:30:00+01:00
0.00E+00, 2022-04-15T04:30:00+01:00, 2022-04-15T05:00:00+01:00
0.00E+00, 2022-04-15T05:00:00+01:00, 2022-04-15T05:30:00+01:00
0.00E+00, 2022-04-15T05:30:00+01:00, 2022-04-15T06:00:00+01:00
0.00E+00, 2022-04-15T06:00:00+01:00, 2022-04-15T06:30:00+01:00
0.001, 2022-04-15T06:30:00+01:00, 2022-04-15T07:00:00+01:00
0.178, 2022-04-15T07:00:00+01:00, 2022-04-15T07:30:00+01:00
0.552, 2022-04-15T07:30:00+01:00, 2022-04-15T08:00:00+01:00
0.778, 2022-04-15T08:00:00+01:00, 2022-04-15T08:30:00+01:00
1.051, 2022-04-15T08:30:00+01:00, 2022-04-15T09:00:00+01:00
1.258, 2022-04-15T09:00:00+01:00, 2022-04-15T09:30:00+01:00
1.521, 2022-04-15T09:30:00+01:00, 2022-04-15T10:00:00+01:00
1.775, 2022-04-15T10:00:00+01:00, 2022-04-15T10:30:00+01:00
2.023, 2022-04-15T10:30:00+01:00, 2022-04-15T11:00:00+01:00
2.243, 2022-04-15T11:00:00+01:00, 2022-04-15T11:30:00+01:00
2.288, 2022-04-15T11:30:00+01:00, 2022-04-15T12:00:00+01:00
2.393, 2022-04-15T12:00:00+01:00, 2022-04-15T12:30:00+01:00
2.388, 2022-04-15T12:30:00+01:00, 2022-04-15T13:00:00+01:00
2.236, 2022-04-15T13:00:00+01:00, 2022-04-15T13:30:00+01:00
2.359, 2022-04-15T13:30:00+01:00, 2022-04-15T14:00:00+01:00
1.23, 2022-04-15T14:00:00+01:00, 2022-04-15T14:30:00+01:00
1.421, 2022-04-15T14:30:00+01:00, 2022-04-15T15:00:00+01:00
2.14, 2022-04-15T15:00:00+01:00, 2022-04-15T15:30:00+01:00
1.456, 2022-04-15T15:30:00+01:00, 2022-04-15T16:00:00+01:00
1.664, 2022-04-15T16:00:00+01:00, 2022-04-15T16:30:00+01:00
1.084, 2022-04-15T16:30:00+01:00, 2022-04-15T17:00:00+01:00
0.491, 2022-04-15T17:00:00+01:00, 2022-04-15T17:30:00+01:00
0.311, 2022-04-15T17:30:00+01:00, 2022-04-15T18:00:00+01:00
0.453, 2022-04-15T18:00:00+01:00, 2022-04-15T18:30:00+01:00
0.28, 2022-04-15T18:30:00+01:00, 2022-04-15T19:00:00+01:00
0.028, 2022-04-15T19:00:00+01:00, 2022-04-15T19:30:00+01:00
0.00E+00, 2022-04-15T19:30:00+01:00, 2022-04-15T20:00:00+01:00
0.00E+00, 2022-04-15T20:00:00+01:00, 2022-04-15T20:30:00+01:00
0.00E+00, 2022-04-15T20:30:00+01:00, 2022-04-15T21:00:00+01:00
0.00E+00, 2022-04-15T21:00:00+01:00, 2022-04-15T21:30:00+01:00
0.00E+00, 2022-04-15T21:30:00+01:00, 2022-04-15T22:00:00+01:00
0.00E+00, 2022-04-15T22:00:00+01:00, 2022-04-15T22:30:00+01:00
0.00E+00, 2022-04-15T22:30:00+01:00, 2022-04-15T23:00:00+01:00
0.00E+00, 2022-04-15T23:00:00+01:00, 2022-04-15T23:30:00+01:00
0.00E+00, 2022-04-15T23:30:00+01:00, 2022-04-16T00:00:00+01:00
0.00E+00, 2022-04-16T00:00:00+01:00, 2022-04-16T00:30:00+01:00
0.00E+00, 2022-04-16T00:30:00+01:00, 2022-04-16T01:00:00+01:00
0.00E+00, 2022-04-16T01:00:00+01:00, 2022-04-16T01:30:00+01:00
0.00E+00, 2022-04-16T01:30:00+01:00, 2022-04-16T02:00:00+01:00
0.00E+00, 2022-04-16T02:00:00+01:00, 2022-04-16T02:30:00+01:00
0.00E+00, 2022-04-16T02:30:00+01:00, 2022-04-16T03:00:00+01:00
0.00E+00, 2022-04-16T03:00:00+01:00, 2022-04-16T03:30:00+01:00
0.00E+00, 2022-04-16T03:30:00+01:00, 2022-04-16T04:00:00+01:00
0.00E+00, 2022-04-16T04:00:00+01:00, 2022-04-16T04:30:00+01:00
0.00E+00, 2022-04-16T04:30:00+01:00, 2022-04-16T05:00:00+01:00
0.00E+00, 2022-04-16T05:00:00+01:00, 2022-04-16T05:30:00+01:00
0.00E+00, 2022-04-16T05:30:00+01:00, 2022-04-16T06:00:00+01:00
0.00E+00, 2022-04-16T06:00:00+01:00, 2022-04-16T06:30:00+01:00
0.00E+00, 2022-04-16T06:30:00+01:00, 2022-04-16T07:00:00+01:00
0.19, 2022-04-16T07:00:00+01:00, 2022-04-16T07:30:00+01:00
0.515, 2022-04-16T07:30:00+01:00, 2022-04-16T08:00:00+01:00
0.79, 2022-04-16T08:00:00+01:00, 2022-04-16T08:30:00+01:00
1.067, 2022-04-16T08:30:00+01:00, 2022-04-16T09:00:00+01:00
1.29, 2022-04-16T09:00:00+01:00, 2022-04-16T09:30:00+01:00
1.552, 2022-04-16T09:30:00+01:00, 2022-04-16T10:00:00+01:00
1.804, 2022-04-16T10:00:00+01:00, 2022-04-16T10:30:00+01:00
2.022, 2022-04-16T10:30:00+01:00, 2022-04-16T11:00:00+01:00
2.251, 2022-04-16T11:00:00+01:00, 2022-04-16T11:30:00+01:00
2.389, 2022-04-16T11:30:00+01:00, 2022-04-16T12:00:00+01:00
2.268, 2022-04-16T12:00:00+01:00, 2022-04-16T12:30:00+01:00
2.214, 2022-04-16T12:30:00+01:00, 2022-04-16T13:00:00+01:00
2.319, 2022-04-16T13:00:00+01:00, 2022-04-16T13:30:00+01:00
2.225, 2022-04-16T13:30:00+01:00, 2022-04-16T14:00:00+01:00
2.265, 2022-04-16T14:00:00+01:00, 2022-04-16T14:30:00+01:00
2.385, 2022-04-16T14:30:00+01:00, 2022-04-16T15:00:00+01:00
2.291, 2022-04-16T15:00:00+01:00, 2022-04-16T15:30:00+01:00
2.052, 2022-04-16T15:30:00+01:00, 2022-04-16T16:00:00+01:00
1.913, 2022-04-16T16:00:00+01:00, 2022-04-16T16:30:00+01:00
1.576, 2022-04-16T16:30:00+01:00, 2022-04-16T17:00:00+01:00
1.342, 2022-04-16T17:00:00+01:00, 2022-04-16T17:30:00+01:00
0.959, 2022-04-16T17:30:00+01:00, 2022-04-16T18:00:00+01:00
0.685, 2022-04-16T18:00:00+01:00, 2022-04-16T18:30:00+01:00
0.232, 2022-04-16T18:30:00+01:00, 2022-04-16T19:00:00+01:00
0.107, 2022-04-16T19:00:00+01:00, 2022-04-16T19:30:00+01:00
0.002, 2022-04-16T19:30:00+01:00, 2022-04-16T20:00:00+01:00
0.00E+00, 2022-04-16T20:00:00+01:00, 2022-04-16T20:30:00+01:00
0.00E+00, 2022-04-16T20:30:00+01:00, 2022-04-16T21:00:00+01:00
0.00E+00, 2022-04-16T21:00:00+01:00, 2022-04-16T21:30:00+01:00
0.00E+00, 2022-04-16T21:30:00+01:00, 2022-04-16T22:00:00+01:00
0.00E+00, 2022-04-16T22:00:00+01:00, 2022-04-16T22:30:00+01:00
0.00E+00, 2022-04-16T22:30:00+01:00, 2022-04-16T23:00:00+01:00
0.00E+00, 2022-04-16T23:00:00+01:00, 2022-04-16T23:30:00+01:00
0.00E+00, 2022-04-16T23:30:00+01:00, 2022-04-17T00:00:00+01:00
0.00E+00, 2022-04-17T00:00:00+01:00, 2022-04-17T00:30:00+01:00
0.00E+00, 2022-04-17T00:30:00+01:00, 2022-04-17T01:00:00+01:00
0.00E+00, 2022-04-17T01:00:00+01:00, 2022-04-17T01:30:00+01:00
0.00E+00, 2022-04-17T01:30:00+01:00, 2022-04-17T02:00:00+01:00
0.00E+00, 2022-04-17T02:00:00+01:00, 2022-04-17T02:30:00+01:00
0.00E+00, 2022-04-17T02:30:00+01:00, 2022-04-17T03:00:00+01:00
0.00E+00, 2022-04-17T03:00:00+01:00, 2022-04-17T03:30:00+01:00
0.00E+00, 2022-04-17T03:30:00+01:00, 2022-04-17T04:00:00+01:00
0.00E+00, 2022-04-17T04:00:00+01:00, 2022-04-17T04:30:00+01:00
0.00E+00, 2022-04-17T04:30:00+01:00, 2022-04-17T05:00:00+01:00
0.00E+00, 2022-04-17T05:00:00+01:00, 2022-04-17T05:30:00+01:00
0.00E+00, 2022-04-17T05:30:00+01:00, 2022-04-17T06:00:00+01:00
0.00E+00, 2022-04-17T06:00:00+01:00, 2022-04-17T06:30:00+01:00
0.036, 2022-04-17T06:30:00+01:00, 2022-04-17T07:00:00+01:00
0.252, 2022-04-17T07:00:00+01:00, 2022-04-17T07:30:00+01:00
0.472, 2022-04-17T07:30:00+01:00, 2022-04-17T08:00:00+01:00
0.715, 2022-04-17T08:00:00+01:00, 2022-04-17T08:30:00+01:00
0.947, 2022-04-17T08:30:00+01:00, 2022-04-17T09:00:00+01:00
1.131, 2022-04-17T09:00:00+01:00, 2022-04-17T09:30:00+01:00
1.541, 2022-04-17T09:30:00+01:00, 2022-04-17T10:00:00+01:00
1.643, 2022-04-17T10:00:00+01:00, 2022-04-17T10:30:00+01:00
1.859, 2022-04-17T10:30:00+01:00, 2022-04-17T11:00:00+01:00
2.248, 2022-04-17T11:00:00+01:00, 2022-04-17T11:30:00+01:00
1.869, 2022-04-17T11:30:00+01:00, 2022-04-17T12:00:00+01:00
2.292, 2022-04-17T12:00:00+01:00, 2022-04-17T12:30:00+01:00
2.243, 2022-04-17T12:30:00+01:00, 2022-04-17T13:00:00+01:00
2.256, 2022-04-17T13:00:00+01:00, 2022-04-17T13:30:00+01:00
1.834, 2022-04-17T13:30:00+01:00, 2022-04-17T14:00:00+01:00
1.803, 2022-04-17T14:00:00+01:00, 2022-04-17T14:30:00+01:00
2.249, 2022-04-17T14:30:00+01:00, 2022-04-17T15:00:00+01:00
1.972, 2022-04-17T15:00:00+01:00, 2022-04-17T15:30:00+01:00
1.823, 2022-04-17T15:30:00+01:00, 2022-04-17T16:00:00+01:00
1.348, 2022-04-17T16:00:00+01:00, 2022-04-17T16:30:00+01:00
1.035, 2022-04-17T16:30:00+01:00, 2022-04-17T17:00:00+01:00
0.971, 2022-04-17T17:00:00+01:00, 2022-04-17T17:30:00+01:00
0.908, 2022-04-17T17:30:00+01:00, 2022-04-17T18:00:00+01:00
0.512, 2022-04-17T18:00:00+01:00, 2022-04-17T18:30:00+01:00
0.188, 2022-04-17T18:30:00+01:00, 2022-04-17T19:00:00+01:00
0.065, 2022-04-17T19:00:00+01:00, 2022-04-17T19:30:00+01:00
0.008, 2022-04-17T19:30:00+01:00, 2022-04-17T20:00:00+01:00
0.00E+00, 2022-04-17T20:00:00+01:00, 2022-04-17T20:30:00+01:00
0.00E+00, 2022-04-17T20:30:00+01:00, 2022-04-17T21:00:00+01:00
0.00E+00, 2022-04-17T21:00:00+01:00, 2022-04-17T21:30:00+01:00
0.00E+00, 2022-04-17T21:30:00+01:00, 2022-04-17T22:00:00+01:00
0.00E+00, 2022-04-17T22:00:00+01:00, 2022-04-17T22:30:00+01:00
0.00E+00, 2022-04-17T22:30:00+01:00, 2022-04-17T23:00:00+01:00
0.00E+00, 2022-04-17T23:00:00+01:00, 2022-04-17T23:30:00+01:00
0.00E+00, 2022-04-17T23:30:00+01:00, 2022-04-18T00:00:00+01:00
0.00E+00, 2022-04-18T00:00:00+01:00, 2022-04-18T00:30:00+01:00
0.00E+00, 2022-04-18T00:30:00+01:00, 2022-04-18T01:00:00+01:00
0.00E+00, 2022-04-18T01:00:00+01:00, 2022-04-18T01:30:00+01:00
0.00E+00, 2022-04-18T01:30:00+01:00, 2022-04-18T02:00:00+01:00
0.00E+00, 2022-04-18T02:00:00+01:00, 2022-04-18T02:30:00+01:00
0.00E+00, 2022-04-18T02:30:00+01:00, 2022-04-18T03:00:00+01:00
0.00E+00, 2022-04-18T03:00:00+01:00, 2022-04-18T03:30:00+01:00
0.00E+00, 2022-04-18T03:30:00+01:00, 2022-04-18T04:00:00+01:00
0.00E+00, 2022-04-18T04:00:00+01:00, 2022-04-18T04:30:00+01:00
0.00E+00, 2022-04-18T04:30:00+01:00, 2022-04-18T05:00:00+01:00
0.00E+00, 2022-04-18T05:00:00+01:00, 2022-04-18T05:30:00+01:00
0.00E+00, 2022-04-18T05:30:00+01:00, 2022-04-18T06:00:00+01:00
0.00E+00, 2022-04-18T06:00:00+01:00, 2022-04-18T06:30:00+01:00
0.01, 2022-04-18T06:30:00+01:00, 2022-04-18T07:00:00+01:00
0.174, 2022-04-18T07:00:00+01:00, 2022-04-18T07:30:00+01:00
0.641, 2022-04-18T07:30:00+01:00, 2022-04-18T08:00:00+01:00
0.778, 2022-04-18T08:00:00+01:00, 2022-04-18T08:30:00+01:00
0.845, 2022-04-18T08:30:00+01:00, 2022-04-18T09:00:00+01:00
1.19, 2022-04-18T09:00:00+01:00, 2022-04-18T09:30:00+01:00
1.299, 2022-04-18T09:30:00+01:00, 2022-04-18T10:00:00+01:00
1.818, 2022-04-18T10:00:00+01:00, 2022-04-18T10:30:00+01:00
1.684, 2022-04-18T10:30:00+01:00, 2022-04-18T11:00:00+01:00
1.675, 2022-04-18T11:00:00+01:00, 2022-04-18T11:30:00+01:00
2.216, 2022-04-18T11:30:00+01:00, 2022-04-18T12:00:00+01:00
2.118, 2022-04-18T12:00:00+01:00, 2022-04-18T12:30:00+01:00
2.345, 2022-04-18T12:30:00+01:00, 2022-04-18T13:00:00+01:00
2.355, 2022-04-18T13:00:00+01:00, 2022-04-18T13:30:00+01:00
2.148, 2022-04-18T13:30:00+01:00, 2022-04-18T14:00:00+01:00
2.266, 2022-04-18T14:00:00+01:00, 2022-04-18T14:30:00+01:00
2.311, 2022-04-18T14:30:00+01:00, 2022-04-18T15:00:00+01:00
2.236, 2022-04-18T15:00:00+01:00, 2022-04-18T15:30:00+01:00
1.149, 2022-04-18T15:30:00+01:00, 2022-04-18T16:00:00+01:00
1.8, 2022-04-18T16:00:00+01:00, 2022-04-18T16:30:00+01:00
1.346, 2022-04-18T16:30:00+01:00, 2022-04-18T17:00:00+01:00
1.19, 2022-04-18T17:00:00+01:00, 2022-04-18T17:30:00+01:00
1.032, 2022-04-18T17:30:00+01:00, 2022-04-18T18:00:00+01:00
1.054, 2022-04-18T18:00:00+01:00, 2022-04-18T18:30:00+01:00
0.659, 2022-04-18T18:30:00+01:00, 2022-04-18T19:00:00+01:00
0.187, 2022-04-18T19:00:00+01:00, 2022-04-18T19:30:00+01:00
0.00E+00, 2022-04-18T19:30:00+01:00, 2022-04-18T20:00:00+01:00
0.00E+00, 2022-04-18T20:00:00+01:00, 2022-04-18T20:30:00+01:00
0.00E+00, 2022-04-18T20:30:00+01:00, 2022-04-18T21:00:00+01:00
0.00E+00, 2022-04-18T21:00:00+01:00, 2022-04-18T21:30:00+01:00
0.00E+00, 2022-04-18T21:30:00+01:00, 2022-04-18T22:00:00+01:00
0.00E+00, 2022-04-18T22:00:00+01:00, 2022-04-18T22:30:00+01:00
0.00E+00, 2022-04-18T22:30:00+01:00, 2022-04-18T23:00:00+01:00
0.00E+00, 2022-04-18T23:00:00+01:00, 2022-04-18T23:30:00+01:00
0.00E+00, 2022-04-18T23:30:00+01:00, 2022-04-19T00:00:00+01:00
0.00E+00, 2022-04-19T00:00:00+01:00, 2022-04-19T00:30:00+01:00
0.00E+00, 2022-04-19T00:30:00+01:00, 2022-04-19T01:00:00+01:00
0.00E+00, 2022-04-19T01:00:00+01:00, 2022-04-19T01:30:00+01:00
0.00E+00, 2022-04-19T01:30:00+01:00, 2022-04-19T02:00:00+01:00
0.00E+00, 2022-04-19T02:00:00+01:00, 2022-04-19T02:30:00+01:00
0.00E+00, 2022-04-19T02:30:00+01:00, 2022-04-19T03:00:00+01:00
0.00E+00, 2022-04-19T03:00:00+01:00, 2022-04-19T03:30:00+01:00
0.00E+00, 2022-04-19T03:30:00+01:00, 2022-04-19T04:00:00+01:00
0.00E+00, 2022-04-19T04:00:00+01:00, 2022-04-19T04:30:00+01:00
0.00E+00, 2022-04-19T04:30:00+01:00, 2022-04-19T05:00:00+01:00
0.00E+00, 2022-04-19T05:00:00+01:00, 2022-04-19T05:30:00+01:00
0.00E+00, 2022-04-19T05:30:00+01:00, 2022-04-19T06:00:00+01:00
0.00E+00, 2022-04-19T06:00:00+01:00, 2022-04-19T06:30:00+01:00
0.006, 2022-04-19T06:30:00+01:00, 2022-04-19T07:00:00+01:00
0.2, 2022-04-19T07:00:00+01:00, 2022-04-19T07:30:00+01:00
0.672, 2022-04-19T07:30:00+01:00, 2022-04-19T08:00:00+01:00
0.901, 2022-04-19T08:00:00+01:00, 2022-04-19T08:30:00+01:00
0.821, 2022-04-19T08:30:00+01:00, 2022-04-19T09:00:00+01:00
0.976, 2022-04-19T09:00:00+01:00, 2022-04-19T09:30:00+01:00
1.584, 2022-04-19T09:30:00+01:00, 2022-04-19T10:00:00+01:00
1.281, 2022-04-19T10:00:00+01:00, 2022-04-19T10:30:00+01:00
1.757, 2022-04-19T10:30:00+01:00, 2022-04-19T11:00:00+01:00
1.399, 2022-04-19T11:00:00+01:00, 2022-04-19T11:30:00+01:00
1.453, 2022-04-19T11:30:00+01:00, 2022-04-19T12:00:00+01:00
0.956, 2022-04-19T12:00:00+01:00, 2022-04-19T12:30:00+01:00
0.272, 2022-04-19T12:30:00+01:00, 2022-04-19T13:00:00+01:00
0.949, 2022-04-19T13:00:00+01:00, 2022-04-19T13:30:00+01:00
1.47, 2022-04-19T13:30:00+01:00, 2022-04-19T14:00:00+01:00
1.715, 2022-04-19T14:00:00+01:00, 2022-04-19T14:30:00+01:00
0.593, 2022-04-19T14:30:00+01:00, 2022-04-19T15:00:00+01:00
0.108, 2022-04-19T15:00:00+01:00, 2022-04-19T15:30:00+01:00
0.131, 2022-04-19T15:30:00+01:00, 2022-04-19T16:00:00+01:00
0.166, 2022-04-19T16:00:00+01:00, 2022-04-19T16:30:00+01:00
0.081, 2022-04-19T16:30:00+01:00, 2022-04-19T17:00:00+01:00
0.283, 2022-04-19T17:00:00+01:00, 2022-04-19T17:30:00+01:00
0.096, 2022-04-19T17:30:00+01:00, 2022-04-19T18:00:00+01:00
0.006, 2022-04-19T18:00:00+01:00, 2022-04-19T18:30:00+01:00
0.078, 2022-04-19T18:30:00+01:00, 2022-04-19T19:00:00+01:00
0.00E+00, 2022-04-19T19:00:00+01:00, 2022-04-19T19:30:00+01:00
0.00E+00, 2022-04-19T19:30:00+01:00, 2022-04-19T20:00:00+01:00
0.00E+00, 2022-04-19T20:00:00+01:00, 2022-04-19T20:30:00+01:00
0.00E+00, 2022-04-19T20:30:00+01:00, 2022-04-19T21:00:00+01:00
0.00E+00, 2022-04-19T21:00:00+01:00, 2022-04-19T21:30:00+01:00
0.00E+00, 2022-04-19T21:30:00+01:00, 2022-04-19T22:00:00+01:00
0.00E+00, 2022-04-19T22:00:00+01:00, 2022-04-19T22:30:00+01:00
0.00E+00, 2022-04-19T22:30:00+01:00, 2022-04-19T23:00:00+01:00
0.00E+00, 2022-04-19T23:00:00+01:00, 2022-04-19T23:30:00+01:00
0.00E+00, 2022-04-19T23:30:00+01:00, 2022-04-20T00:00:00+01:00
0.00E+00, 2022-04-20T00:00:00+01:00, 2022-04-20T00:30:00+01:00
0.00E+00, 2022-04-20T00:30:00+01:00, 2022-04-20T01:00:00+01:00
0.00E+00, 2022-04-20T01:00:00+01:00, 2022-04-20T01:30:00+01:00
0.00E+00, 2022-04-20T01:30:00+01:00, 2022-04-20T02:00:00+01:00
0.00E+00, 2022-04-20T02:00:00+01:00, 2022-04-20T02:30:00+01:00
0.00E+00, 2022-04-20T02:30:00+01:00, 2022-04-20T03:00:00+01:00
0.00E+00, 2022-04-20T03:00:00+01:00, 2022-04-20T03:30:00+01:00
0.00E+00, 2022-04-20T03:30:00+01:00, 2022-04-20T04:00:00+01:00
0.00E+00, 2022-04-20T04:00:00+01:00, 2022-04-20T04:30:00+01:00
0.00E+00, 2022-04-20T04:30:00+01:00, 2022-04-20T05:00:00+01:00
0.00E+00, 2022-04-20T05:00:00+01:00, 2022-04-20T05:30:00+01:00
0.00E+00, 2022-04-20T05:30:00+01:00, 2022-04-20T06:00:00+01:00
0.00E+00, 2022-04-20T06:00:00+01:00, 2022-04-20T06:30:00+01:00
0.044, 2022-04-20T06:30:00+01:00, 2022-04-20T07:00:00+01:00
0.213, 2022-04-20T07:00:00+01:00, 2022-04-20T07:30:00+01:00
0.428, 2022-04-20T07:30:00+01:00, 2022-04-20T08:00:00+01:00
0.898, 2022-04-20T08:00:00+01:00, 2022-04-20T08:30:00+01:00
1.057, 2022-04-20T08:30:00+01:00, 2022-04-20T09:00:00+01:00
1.212, 2022-04-20T09:00:00+01:00, 2022-04-20T09:30:00+01:00
1.227, 2022-04-20T09:30:00+01:00, 2022-04-20T10:00:00+01:00
1.91, 2022-04-20T10:00:00+01:00, 2022-04-20T10:30:00+01:00
1.979, 2022-04-20T10:30:00+01:00, 2022-04-20T11:00:00+01:00
2.043, 2022-04-20T11:00:00+01:00, 2022-04-20T11:30:00+01:00
1.812, 2022-04-20T11:30:00+01:00, 2022-04-20T12:00:00+01:00
2.342, 2022-04-20T12:00:00+01:00, 2022-04-20T12:30:00+01:00
1.908, 2022-04-20T12:30:00+01:00, 2022-04-20T13:00:00+01:00
1.087, 2022-04-20T13:00:00+01:00, 2022-04-20T13:30:00+01:00
1.846, 2022-04-20T13:30:00+01:00, 2022-04-20T14:00:00+01:00
1.439, 2022-04-20T14:00:00+01:00, 2022-04-20T14:30:00+01:00
2.229, 2022-04-20T14:30:00+01:00, 2022-04-20T15:00:00+01:00
2.328, 2022-04-20T15:00:00+01:00, 2022-04-20T15:30:00+01:00
2.087, 2022-04-20T15:30:00+01:00, 2022-04-20T16:00:00+01:00
1.668, 2022-04-20T16:00:00+01:00, 2022-04-20T16:30:00+01:00
1.351, 2022-04-20T16:30:00+01:00, 2022-04-20T17:00:00+01:00
0.911, 2022-04-20T17:00:00+01:00, 2022-04-20T17:30:00+01:00
0.603, 2022-04-20T17:30:00+01:00, 2022-04-20T18:00:00+01:00
0.278, 2022-04-20T18:00:00+01:00, 2022-04-20T18:30:00+01:00
0.158, 2022-04-20T18:30:00+01:00, 2022-04-20T19:00:00+01:00
0.024, 2022-04-20T19:00:00+01:00, 2022-04-20T19:30:00+01:00
0.00E+00, 2022-04-20T19:30:00+01:00, 2022-04-20T20:00:00+01:00
0.00E+00, 2022-04-20T20:00:00+01:00, 2022-04-20T20:30:00+01:00
0.00E+00, 2022-04-20T20:30:00+01:00, 2022-04-20T21:00:00+01:00
0.00E+00, 2022-04-20T21:00:00+01:00, 2022-04-20T21:30:00+01:00
0.00E+00, 2022-04-20T21:30:00+01:00, 2022-04-20T22:00:00+01:00
0.00E+00, 2022-04-20T22:00:00+01:00, 2022-04-20T22:30:00+01:00
0.00E+00, 2022-04-20T22:30:00+01:00, 2022-04-20T23:00:00+01:00
0.00E+00, 2022-04-20T23:00:00+01:00, 2022-04-20T23:30:00+01:00
0.00E+00, 2022-04-20T23:30:00+01:00, 2022-04-21T00:00:00+01:00
0.00E+00, 2022-04-21T00:00:00+01:00, 2022-04-21T00:30:00+01:00
0.00E+00, 2022-04-21T00:30:00+01:00, 2022-04-21T01:00:00+01:00
0.00E+00, 2022-04-21T01:00:00+01:00, 2022-04-21T01:30:00+01:00
0.00E+00, 2022-04-21T01:30:00+01:00, 2022-04-21T02:00:00+01:00
0.00E+00, 2022-04-21T02:00:00+01:00, 2022-04-21T02:30:00+01:00
0.00E+00, 2022-04-21T02:30:00+01:00, 2022-04-21T03:00:00+01:00
0.00E+00, 2022-04-21T03:00:00+01:00, 2022-04-21T03:30:00+01:00
0.00E+00, 2022-04-21T03:30:00+01:00, 2022-04-21T04:00:00+01:00
0.00E+00, 2022-04-21T04:00:00+01:00, 2022-04-21T04:30:00+01:00
0.00E+00, 2022-04-21T04:30:00+01:00, 2022-04-21T05:00:00+01:00
0.00E+00, 2022-04-21T05:00:00+01:00, 2022-04-21T05:30:00+01:00
0.00E+00, 2022-04-21T05:30:00+01:00, 2022-04-21T06:00:00+01:00
0.00E+00, 2022-04-21T06:00:00+01:00, 2022-04-21T06:30:00+01:00
0.005, 2022-04-21T06:30:00+01:00, 2022-04-21T07:00:00+01:00
0.082, 2022-04-21T07:00:00+01:00, 2022-04-21T07:30:00+01:00
0.348, 2022-04-21T07:30:00+01:00, 2022-04-21T08:00:00+01:00
0.426, 2022-04-21T08:00:00+01:00, 2022-04-21T08:30:00+01:00
0.805, 2022-04-21T08:30:00+01:00, 2022-04-21T09:00:00+01:00
1.034, 2022-04-21T09:00:00+01:00, 2022-04-21T09:30:00+01:00
1.183, 2022-04-21T09:30:00+01:00, 2022-04-21T10:00:00+01:00
1.613, 2022-04-21T10:00:00+01:00, 2022-04-21T10:30:00+01:00
1.904, 2022-04-21T10:30:00+01:00, 2022-04-21T11:00:00+01:00
2.159, 2022-04-21T11:00:00+01:00, 2022-04-21T11:30:00+01:00
2.017, 2022-04-21T11:30:00+01:00, 2022-04-21T12:00:00+01:00
1.908, 2022-04-21T12:00:00+01:00, 2022-04-21T12:30:00+01:00
1.555, 2022-04-21T12:30:00+01:00, 2022-04-21T13:00:00+01:00
1.293, 2022-04-21T13:00:00+01:00, 2022-04-21T13:30:00+01:00
1.458, 2022-04-21T13:30:00+01:00, 2022-04-21T14:00:00+01:00
1.668, 2022-04-21T14:00:00+01:00, 2022-04-21T14:30:00+01:00
1.276, 2022-04-21T14:30:00+01:00, 2022-04-21T15:00:00+01:00
1.066, 2022-04-21T15:00:00+01:00, 2022-04-21T15:30:00+01:00
1.029, 2022-04-21T15:30:00+01:00, 2022-04-21T16:00:00+01:00
0.768, 2022-04-21T16:00:00+01:00, 2022-04-21T16:30:00+01:00
0.986, 2022-04-21T16:30:00+01:00, 2022-04-21T17:00:00+01:00
0.973, 2022-04-21T17:00:00+01:00, 2022-04-21T17:30:00+01:00
0.862, 2022-04-21T17:30:00+01:00, 2022-04-21T18:00:00+01:00
0.617, 2022-04-21T18:00:00+01:00, 2022-04-21T18:30:00+01:00
0.418, 2022-04-21T18:30:00+01:00, 2022-04-21T19:00:00+01:00
0.076, 2022-04-21T19:00:00+01:00, 2022-04-21T19:30:00+01:00
0.00E+00, 2022-04-21T19:30:00+01:00, 2022-04-21T20:00:00+01:00
0.00E+00, 2022-04-21T20:00:00+01:00, 2022-04-21T20:30:00+01:00
0.00E+00, 2022-04-21T20:30:00+01:00, 2022-04-21T21:00:00+01:00
0.00E+00, 2022-04-21T21:00:00+01:00, 2022-04-21T21:30:00+01:00
0.00E+00, 2022-04-21T21:30:00+01:00, 2022-04-21T22:00:00+01:00
0.00E+00, 2022-04-21T22:00:00+01:00, 2022-04-21T22:30:00+01:00
0.00E+00, 2022-04-21T22:30:00+01:00, 2022-04-21T23:00:00+01:00
0.00E+00, 2022-04-21T23:00:00+01:00, 2022-04-21T23:30:00+01:00
0.00E+00, 2022-04-21T23:30:00+01:00, 2022-04-22T00:00:00+01:00
0.00E+00, 2022-04-22T00:00:00+01:00, 2022-04-22T00:30:00+01:00
0.00E+00, 2022-04-22T00:30:00+01:00, 2022-04-22T01:00:00+01:00
0.00E+00, 2022-04-22T01:00:00+01:00, 2022-04-22T01:30:00+01:00
0.00E+00, 2022-04-22T01:30:00+01:00, 2022-04-22T02:00:00+01:00
0.00E+00, 2022-04-22T02:00:00+01:00, 2022-04-22T02:30:00+01:00
0.00E+00, 2022-04-22T02:30:00+01:00, 2022-04-22T03:00:00+01:00
0.00E+00, 2022-04-22T03:00:00+01:00, 2022-04-22T03:30:00+01:00
0.00E+00, 2022-04-22T03:30:00+01:00, 2022-04-22T04:00:00+01:00
0.00E+00, 2022-04-22T04:00:00+01:00, 2022-04-22T04:30:00+01:00
0.00E+00, 2022-04-22T04:30:00+01:00, 2022-04-22T05:00:00+01:00
0.00E+00, 2022-04-22T05:00:00+01:00, 2022-04-22T05:30:00+01:00
0.00E+00, 2022-04-22T05:30:00+01:00, 2022-04-22T06:00:00+01:00
0.00E+00, 2022-04-22T06:00:00+01:00, 2022-04-22T06:30:00+01:00
0.009, 2022-04-22T06:30:00+01:00, 2022-04-22T07:00:00+01:00
0.222, 2022-04-22T07:00:00+01:00, 2022-04-22T07:30:00+01:00
0.432, 2022-04-22T07:30:00+01:00, 2022-04-22T08:00:00+01:00
0.786, 2022-04-22T08:00:00+01:00, 2022-04-22T08:30:00+01:00
0.822, 2022-04-22T08:30:00+01:00, 2022-04-22T09:00:00+01:00
1.128, 2022-04-22T09:00:00+01:00, 2022-04-22T09:30:00+01:00
1.7, 2022-04-22T09:30:00+01:00, 2022-04-22T10:00:00+01:00
1.871, 2022-04-22T10:00:00+01:00, 2022-04-22T10:30:00+01:00
1.467, 2022-04-22T10:30:00+01:00, 2022-04-22T11:00:00+01:00
1.653, 2022-04-22T11:00:00+01:00, 2022-04-22T11:30:00+01:00
1.001, 2022-04-22T11:30:00+01:00, 2022-04-22T12:00:00+01:00
1.191, 2022-04-22T12:00:00+01:00, 2022-04-22T12:30:00+01:00
1.249, 2022-04-22T12:30:00+01:00, 2022-04-22T13:00:00+01:00
1.714, 2022-04-22T13:00:00+01:00, 2022-04-22T13:30:00+01:00
1.592, 2022-04-22T13:30:00+01:00, 2022-04-22T14:00:00+01:00
1.29, 2022-04-22T14:00:00+01:00, 2022-04-22T14:30:00+01:00
1.427, 2022-04-22T14:30:00+01:00, 2022-04-22T15:00:00+01:00
1.23, 2022-04-22T15:00:00+01:00, 2022-04-22T15:30:00+01:00
1.658, 2022-04-22T15:30:00+01:00, 2022-04-22T16:00:00+01:00
0.645, 2022-04-22T16:00:00+01:00, 2022-04-22T16:30:00+01:00
0.876, 2022-04-22T16:30:00+01:00, 2022-04-22T17:00:00+01:00
0.681, 2022-04-22T17:00:00+01:00, 2022-04-22T17:30:00+01:00
0.344, 2022-04-22T17:30:00+01:00, 2022-04-22T18:00:00+01:00
0.356, 2022-04-22T18:00:00+01:00, 2022-04-22T18:30:00+01:00
0.271, 2022-04-22T18:30:00+01:00, 2022-04-22T19:00:00+01:00
0.00E+00, 2022-04-22T19:00:00+01:00, 2022-04-22T19:30:00+01:00
0.00E+00, 2022-04-22T19:30:00+01:00, 2022-04-22T20:00:00+01:00
0.00E+00, 2022-04-22T20:00:00+01:00, 2022-04-22T20:30:00+01:00
0.00E+00, 2022-04-22T20:30:00+01:00, 2022-04-22T21:00:00+01:00
0.00E+00, 2022-04-22T21:00:00+01:00, 2022-04-22T21:30:00+01:00
0.00E+00, 2022-04-22T21:30:00+01:00, 2022-04-22T22:00:00+01:00
0.00E+00, 2022-04-22T22:00:00+01:00, 2022-04-22T22:30:00+01:00
0.00E+00, 2022-04-22T22:30:00+01:00, 2022-04-22T23:00:00+01:00
0.00E+00, 2022-04-22T23:00:00+01:00, 2022-04-22T23:30:00+01:00
0.00E+00, 2022-04-22T23:30:00+01:00, 2022-04-23T00:00:00+01:00
0.00E+00, 2022-04-23T00:00:00+01:00, 2022-04-23T00:30:00+01:00
0.00E+00, 2022-04-23T00:30:00+01:00, 2022-04-23T01:00:00+01:00
0.00E+00, 2022-04-23T01:00:00+01:00, 2022-04-23T01:30:00+01:00
0.00E+00, 2022-04-23T01:30:00+01:00, 2022-04-23T02:00:00+01:00
0.00E+00, 2022-04-23T02:00:00+01:00, 2022-04-23T02:30:00+01:00
0.00E+00, 2022-04-23T02:30:00+01:00, 2022-04-23T03:00:00+01:00
0.00E+00, 2022-04-23T03:00:00+01:00, 2022-04-23T03:30:00+01:00
0.00E+00, 2022-04-23T03:30:00+01:00, 2022-04-23T04:00:00+01:00
0.00E+00, 2022-04-23T04:00:00+01:00, 2022-04-23T04:30:00+01:00
0.00E+00, 2022-04-23T04:30:00+01:00, 2022-04-23T05:00:00+01:00
0.00E+00, 2022-04-23T05:00:00+01:00, 2022-04-23T05:30:00+01:00
0.00E+00, 2022-04-23T05:30:00+01:00, 2022-04-23T06:00:00+01:00
0.00E+00, 2022-04-23T06:00:00+01:00, 2022-04-23T06:30:00+01:00
0.00E+00, 2022-04-23T06:30:00+01:00, 2022-04-23T07:00:00+01:00
0.00E+00, 2022-04-23T07:00:00+01:00, 2022-04-23T07:30:00+01:00
0.123, 2022-04-23T07:30:00+01:00, 2022-04-23T08:00:00+01:00
0.483, 2022-04-23T08:00:00+01:00, 2022-04-23T08:30:00+01:00
1.08, 2022-04-23T08:30:00+01:00, 2022-04-23T09:00:00+01:00
0.993, 2022-04-23T09:00:00+01:00, 2022-04-23T09:30:00+01:00
1.649, 2022-04-23T09:30:00+01:00, 2022-04-23T10:00:00+01:00
1.066, 2022-04-23T10:00:00+01:00, 2022-04-23T10:30:00+01:00
1.674, 2022-04-23T10:30:00+01:00, 2022-04-23T11:00:00+01:00
1.786, 2022-04-23T11:00:00+01:00, 2022-04-23T11:30:00+01:00
2.161, 2022-04-23T11:30:00+01:00, 2022-04-23T12:00:00+01:00
1.745, 2022-04-23T12:00:00+01:00, 2022-04-23T12:30:00+01:00
1.919, 2022-04-23T12:30:00+01:00, 2022-04-23T13:00:00+01:00
1.086, 2022-04-23T13:00:00+01:00, 2022-04-23T13:30:00+01:00
1.222, 2022-04-23T13:30:00+01:00, 2022-04-23T14:00:00+01:00
1.955, 2022-04-23T14:00:00+01:00, 2022-04-23T14:30:00+01:00
1.835, 2022-04-23T14:30:00+01:00, 2022-04-23T15:00:00+01:00
1.983, 2022-04-23T15:00:00+01:00, 2022-04-23T15:30:00+01:00
1.915, 2022-04-23T15:30:00+01:00, 2022-04-23T16:00:00+01:00
1.774, 2022-04-23T16:00:00+01:00, 2022-04-23T16:30:00+01:00
1.423, 2022-04-23T16:30:00+01:00, 2022-04-23T17:00:00+01:00
1.067, 2022-04-23T17:00:00+01:00, 2022-04-23T17:30:00+01:00
0.964, 2022-04-23T17:30:00+01:00, 2022-04-23T18:00:00+01:00
0.677, 2022-04-23T18:00:00+01:00, 2022-04-23T18:30:00+01:00
0.294, 2022-04-23T18:30:00+01:00, 2022-04-23T19:00:00+01:00
0.01, 2022-04-23T19:00:00+01:00, 2022-04-23T19:30:00+01:00
0.00E+00, 2022-04-23T19:30:00+01:00, 2022-04-23T20:00:00+01:00
0.00E+00, 2022-04-23T20:00:00+01:00, 2022-04-23T20:30:00+01:00
0.00E+00, 2022-04-23T20:30:00+01:00, 2022-04-23T21:00:00+01:00
0.00E+00, 2022-04-23T21:00:00+01:00, 2022-04-23T21:30:00+01:00
0.00E+00, 2022-04-23T21:30:00+01:00, 2022-04-23T22:00:00+01:00
0.00E+00, 2022-04-23T22:00:00+01:00, 2022-04-23T22:30:00+01:00
0.00E+00, 2022-04-23T22:30:00+01:00, 2022-04-23T23:00:00+01:00
0.00E+00, 2022-04-23T23:00:00+01:00, 2022-04-23T23:30:00+01:00
0.00E+00, 2022-04-23T23:30:00+01:00, 2022-04-24T00:00:00+01:00
0.00E+00, 2022-04-24T00:00:00+01:00, 2022-04-24T00:30:00+01:00
0.00E+00, 2022-04-24T00:30:00+01:00, 2022-04-24T01:00:00+01:00
0.00E+00, 2022-04-24T01:00:00+01:00, 2022-04-24T01:30:00+01:00
0.00E+00, 2022-04-24T01:30:00+01:00, 2022-04-24T02:00:00+01:00
0.00E+00, 2022-04-24T02:00:00+01:00, 2022-04-24T02:30:00+01:00
0.00E+00, 2022-04-24T02:30:00+01:00, 2022-04-24T03:00:00+01:00
0.00E+00, 2022-04-24T03:00:00+01:00, 2022-04-24T03:30:00+01:00
0.00E+00, 2022-04-24T03:30:00+01:00, 2022-04-24T04:00:00+01:00
0.00E+00, 2022-04-24T04:00:00+01:00, 2022-04-24T04:30:00+01:00
0.00E+00, 2022-04-24T04:30:00+01:00, 2022-04-24T05:00:00+01:00
0.00E+00, 2022-04-24T05:00:00+01:00, 2022-04-24T05:30:00+01:00
0.00E+00, 2022-04-24T05:30:00+01:00, 2022-04-24T06:00:00+01:00
0.00E+00, 2022-04-24T06:00:00+01:00, 2022-04-24T06:30:00+01:00
0.06, 2022-04-24T06:30:00+01:00, 2022-04-24T07:00:00+01:00
0.299, 2022-04-24T07:00:00+01:00, 2022-04-24T07:30:00+01:00
0.587, 2022-04-24T07:30:00+01:00, 2022-04-24T08:00:00+01:00
0.777, 2022-04-24T08:00:00+01:00, 2022-04-24T08:30:00+01:00
0.836, 2022-04-24T08:30:00+01:00, 2022-04-24T09:00:00+01:00
0.915, 2022-04-24T09:00:00+01:00, 2022-04-24T09:30:00+01:00
0.888, 2022-04-24T09:30:00+01:00, 2022-04-24T10:00:00+01:00
1.611, 2022-04-24T10:00:00+01:00, 2022-04-24T10:30:00+01:00
1.08, 2022-04-24T10:30:00+01:00, 2022-04-24T11:00:00+01:00
2.29, 2022-04-24T11:00:00+01:00, 2022-04-24T11:30:00+01:00
2.344, 2022-04-24T11:30:00+01:00, 2022-04-24T12:00:00+01:00
2.181, 2022-04-24T12:00:00+01:00, 2022-04-24T12:30:00+01:00
2.009, 2022-04-24T12:30:00+01:00, 2022-04-24T13:00:00+01:00
1.241, 2022-04-24T13:00:00+01:00, 2022-04-24T13:30:00+01:00
0.719, 2022-04-24T13:30:00+01:00, 2022-04-24T14:00:00+01:00
1.051, 2022-04-24T14:00:00+01:00, 2022-04-24T14:30:00+01:00
1.376, 2022-04-24T14:30:00+01:00, 2022-04-24T15:00:00+01:00
0.849, 2022-04-24T15:00:00+01:00, 2022-04-24T15:30:00+01:00
1.275, 2022-04-24T15:30:00+01:00, 2022-04-24T16:00:00+01:00
0.944, 2022-04-24T16:00:00+01:00, 2022-04-24T16:30:00+01:00
1.205, 2022-04-24T16:30:00+01:00, 2022-04-24T17:00:00+01:00
1.014, 2022-04-24T17:00:00+01:00, 2022-04-24T17:30:00+01:00
0.804, 2022-04-24T17:30:00+01:00, 2022-04-24T18:00:00+01:00
0.237, 2022-04-24T18:00:00+01:00, 2022-04-24T18:30:00+01:00
0.134, 2022-04-24T18:30:00+01:00, 2022-04-24T19:00:00+01:00
0.104, 2022-04-24T19:00:00+01:00, 2022-04-24T19:30:00+01:00
0.032, 2022-04-24T19:30:00+01:00, 2022-04-24T20:00:00+01:00
0.00E+00, 2022-04-24T20:00:00+01:00, 2022-04-24T20:30:00+01:00
0.00E+00, 2022-04-24T20:30:00+01:00, 2022-04-24T21:00:00+01:00
0.00E+00, 2022-04-24T21:00:00+01:00, 2022-04-24T21:30:00+01:00
0.00E+00, 2022-04-24T21:30:00+01:00, 2022-04-24T22:00:00+01:00
0.00E+00, 2022-04-24T22:00:00+01:00, 2022-04-24T22:30:00+01:00
0.00E+00, 2022-04-24T22:30:00+01:00, 2022-04-24T23:00:00+01:00
0.00E+00, 2022-04-24T23:00:00+01:00, 2022-04-24T23:30:00+01:00
0.00E+00, 2022-04-24T23:30:00+01:00, 2022-04-25T00:00:00+01:00
0.00E+00, 2022-04-25T00:00:00+01:00, 2022-04-25T00:30:00+01:00
0.00E+00, 2022-04-25T00:30:00+01:00, 2022-04-25T01:00:00+01:00
0.00E+00, 2022-04-25T01:00:00+01:00, 2022-04-25T01:30:00+01:00
0.00E+00, 2022-04-25T01:30:00+01:00, 2022-04-25T02:00:00+01:00
0.00E+00, 2022-04-25T02:00:00+01:00, 2022-04-25T02:30:00+01:00
0.00E+00, 2022-04-25T02:30:00+01:00, 2022-04-25T03:00:00+01:00
0.00E+00, 2022-04-25T03:00:00+01:00, 2022-04-25T03:30:00+01:00
0.00E+00, 2022-04-25T03:30:00+01:00, 2022-04-25T04:00:00+01:00
0.00E+00, 2022-04-25T04:00:00+01:00, 2022-04-25T04:30:00+01:00
0.00E+00, 2022-04-25T04:30:00+01:00, 2022-04-25T05:00:00+01:00
0.00E+00, 2022-04-25T05:00:00+01:00, 2022-04-25T05:30:00+01:00
0.00E+00, 2022-04-25T05:30:00+01:00, 2022-04-25T06:00:00+01:00
0.009, 2022-04-25T06:00:00+01:00, 2022-04-25T06:30:00+01:00
0.067, 2022-04-25T06:30:00+01:00, 2022-04-25T07:00:00+01:00
0.307, 2022-04-25T07:00:00+01:00, 2022-04-25T07:30:00+01:00
0.687, 2022-04-25T07:30:00+01:00, 2022-04-25T08:00:00+01:00
1.098, 2022-04-25T08:00:00+01:00, 2022-04-25T08:30:00+01:00
1.21, 2022-04-25T08:30:00+01:00, 2022-04-25T09:00:00+01:00
1.421, 2022-04-25T09:00:00+01:00, 2022-04-25T09:30:00+01:00
1.587, 2022-04-25T09:30:00+01:00, 2022-04-25T10:00:00+01:00
1.128, 2022-04-25T10:00:00+01:00, 2022-04-25T10:30:00+01:00
1.934, 2022-04-25T10:30:00+01:00, 2022-04-25T11:00:00+01:00
1.131, 2022-04-25T11:00:00+01:00, 2022-04-25T11:30:00+01:00
2.097, 2022-04-25T11:30:00+01:00, 2022-04-25T12:00:00+01:00
1.719, 2022-04-25T12:00:00+01:00, 2022-04-25T12:30:00+01:00
0.982, 2022-04-25T12:30:00+01:00, 2022-04-25T13:00:00+01:00
1.363, 2022-04-25T13:00:00+01:00, 2022-04-25T13:30:00+01:00
0.799, 2022-04-25T13:30:00+01:00, 2022-04-25T14:00:00+01:00
0.933, 2022-04-25T14:00:00+01:00, 2022-04-25T14:30:00+01:00
0.872, 2022-04-25T14:30:00+01:00, 2022-04-25T15:00:00+01:00
1.137, 2022-04-25T15:00:00+01:00, 2022-04-25T15:30:00+01:00
0.315, 2022-04-25T15:30:00+01:00, 2022-04-25T16:00:00+01:00
0.617, 2022-04-25T16:00:00+01:00, 2022-04-25T16:30:00+01:00
0.174, 2022-04-25T16:30:00+01:00, 2022-04-25T17:00:00+01:00
0.155, 2022-04-25T17:00:00+01:00, 2022-04-25T17:30:00+01:00
0.004, 2022-04-25T17:30:00+01:00, 2022-04-25T18:00:00+01:00
0.048, 2022-04-25T18:00:00+01:00, 2022-04-25T18:30:00+01:00
0.366, 2022-04-25T18:30:00+01:00, 2022-04-25T19:00:00+01:00
0.276, 2022-04-25T19:00:00+01:00, 2022-04-25T19:30:00+01:00
0.066, 2022-04-25T19:30:00+01:00, 2022-04-25T20:00:00+01:00
0.00E+00, 2022-04-25T20:00:00+01:00, 2022-04-25T20:30:00+01:00
0.00E+00, 2022-04-25T20:30:00+01:00, 2022-04-25T21:00:00+01:00
0.00E+00, 2022-04-25T21:00:00+01:00, 2022-04-25T21:30:00+01:00
0.00E+00, 2022-04-25T21:30:00+01:00, 2022-04-25T22:00:00+01:00
0.00E+00, 2022-04-25T22:00:00+01:00, 2022-04-25T22:30:00+01:00
0.00E+00, 2022-04-25T22:30:00+01:00, 2022-04-25T23:00:00+01:00
0.00E+00, 2022-04-25T23:00:00+01:00, 2022-04-25T23:30:00+01:00
0.00E+00, 2022-04-25T23:30:00+01:00, 2022-04-26T00:00:00+01:00
0.00E+00, 2022-04-26T00:00:00+01:00, 2022-04-26T00:30:00+01:00
0.00E+00, 2022-04-26T00:30:00+01:00, 2022-04-26T01:00:00+01:00
0.00E+00, 2022-04-26T01:00:00+01:00, 2022-04-26T01:30:00+01:00
0.00E+00, 2022-04-26T01:30:00+01:00, 2022-04-26T02:00:00+01:00
0.00E+00, 2022-04-26T02:00:00+01:00, 2022-04-26T02:30:00+01:00
0.00E+00, 2022-04-26T02:30:00+01:00, 2022-04-26T03:00:00+01:00
0.00E+00, 2022-04-26T03:00:00+01:00, 2022-04-26T03:30:00+01:00
0.00E+00, 2022-04-26T03:30:00+01:00, 2022-04-26T04:00:00+01:00
0.00E+00, 2022-04-26T04:00:00+01:00, 2022-04-26T04:30:00+01:00
0.00E+00, 2022-04-26T04:30:00+01:00, 2022-04-26T05:00:00+01:00
0.00E+00, 2022-04-26T05:00:00+01:00, 2022-04-26T05:30:00+01:00
0.00E+00, 2022-04-26T05:30:00+01:00, 2022-04-26T06:00:00+01:00
0.00E+00, 2022-04-26T06:00:00+01:00, 2022-04-26T06:30:00+01:00
0.00E+00, 2022-04-26T06:30:00+01:00, 2022-04-26T07:00:00+01:00
0.00E+00, 2022-04-26T07:00:00+01:00, 2022-04-26T07:30:00+01:00
0.188, 2022-04-26T07:30:00+01:00, 2022-04-26T08:00:00+01:00
0.42, 2022-04-26T08:00:00+01:00, 2022-04-26T08:30:00+01:00
0.893, 2022-04-26T08:30:00+01:00, 2022-04-26T09:00:00+01:00
1.249, 2022-04-26T09:00:00+01:00, 2022-04-26T09:30:00+01:00
1.663, 2022-04-26T09:30:00+01:00, 2022-04-26T10:00:00+01:00
1.965, 2022-04-26T10:00:00+01:00, 2022-04-26T10:30:00+01:00
2.207, 2022-04-26T10:30:00+01:00, 2022-04-26T11:00:00+01:00
2.297, 2022-04-26T11:00:00+01:00, 2022-04-26T11:30:00+01:00
2.207, 2022-04-26T11:30:00+01:00, 2022-04-26T12:00:00+01:00
2.1, 2022-04-26T12:00:00+01:00, 2022-04-26T12:30:00+01:00
2.188, 2022-04-26T12:30:00+01:00, 2022-04-26T13:00:00+01:00
2.15, 2022-04-26T13:00:00+01:00, 2022-04-26T13:30:00+01:00
2.204, 2022-04-26T13:30:00+01:00, 2022-04-26T14:00:00+01:00
1.856, 2022-04-26T14:00:00+01:00, 2022-04-26T14:30:00+01:00
1.659, 2022-04-26T14:30:00+01:00, 2022-04-26T15:00:00+01:00
2.028, 2022-04-26T15:00:00+01:00, 2022-04-26T15:30:00+01:00
1.582, 2022-04-26T15:30:00+01:00, 2022-04-26T16:00:00+01:00
1.639, 2022-04-26T16:00:00+01:00, 2022-04-26T16:30:00+01:00
1.967, 2022-04-26T16:30:00+01:00, 2022-04-26T17:00:00+01:00
1.673, 2022-04-26T17:00:00+01:00, 2022-04-26T17:30:00+01:00
0.87, 2022-04-26T17:30:00+01:00, 2022-04-26T18:00:00+01:00
0.528, 2022-04-26T18:00:00+01:00, 2022-04-26T18:30:00+01:00
0.338, 2022-04-26T18:30:00+01:00, 2022-04-26T19:00:00+01:00
0.003, 2022-04-26T19:00:00+01:00, 2022-04-26T19:30:00+01:00
0.00E+00, 2022-04-26T19:30:00+01:00, 2022-04-26T20:00:00+01:00
0.00E+00, 2022-04-26T20:00:00+01:00, 2022-04-26T20:30:00+01:00
0.00E+00, 2022-04-26T20:30:00+01:00, 2022-04-26T21:00:00+01:00
0.00E+00, 2022-04-26T21:00:00+01:00, 2022-04-26T21:30:00+01:00
0.00E+00, 2022-04-26T21:30:00+01:00, 2022-04-26T22:00:00+01:00
0.00E+00, 2022-04-26T22:00:00+01:00, 2022-04-26T22:30:00+01:00
0.00E+00, 2022-04-26T22:30:00+01:00, 2022-04-26T23:00:00+01:00
0.00E+00, 2022-04-26T23:00:00+01:00, 2022-04-26T23:30:00+01:00
0.00E+00, 2022-04-26T23:30:00+01:00, 2022-04-27T00:00:00+01:00
0.00E+00, 2022-04-27T00:00:00+01:00, 2022-04-27T00:30:00+01:00
0.00E+00, 2022-04-27T00:30:00+01:00, 2022-04-27T01:00:00+01:00
0.00E+00, 2022-04-27T01:00:00+01:00, 2022-04-27T01:30:00+01:00
0.00E+00, 2022-04-27T01:30:00+01:00, 2022-04-27T02:00:00+01:00
0.00E+00, 2022-04-27T02:00:00+01:00, 2022-04-27T02:30:00+01:00
0.00E+00, 2022-04-27T02:30:00+01:00, 2022-04-27T03:00:00+01:00
0.00E+00, 2022-04-27T03:00:00+01:00, 2022-04-27T03:30:00+01:00
0.00E+00, 2022-04-27T03:30:00+01:00, 2022-04-27T04:00:00+01:00
0.00E+00, 2022-04-27T04:00:00+01:00, 2022-04-27T04:30:00+01:00
0.00E+00, 2022-04-27T04:30:00+01:00, 2022-04-27T05:00:00+01:00
0.00E+00, 2022-04-27T05:00:00+01:00, 2022-04-27T05:30:00+01:00
0.00E+00, 2022-04-27T05:30:00+01:00, 2022-04-27T06:00:00+01:00
0.00E+00, 2022-04-27T06:00:00+01:00, 2022-04-27T06:30:00+01:00
0.011, 2022-04-27T06:30:00+01:00, 2022-04-27T07:00:00+01:00
0.164, 2022-04-27T07:00:00+01:00, 2022-04-27T07:30:00+01:00
0.306, 2022-04-27T07:30:00+01:00, 2022-04-27T08:00:00+01:00
0.384, 2022-04-27T08:00:00+01:00, 2022-04-27T08:30:00+01:00
0.48, 2022-04-27T08:30:00+01:00, 2022-04-27T09:00:00+01:00
0.602, 2022-04-27T09:00:00+01:00, 2022-04-27T09:30:00+01:00
0.669, 2022-04-27T09:30:00+01:00, 2022-04-27T10:00:00+01:00
0.636, 2022-04-27T10:00:00+01:00, 2022-04-27T10:30:00+01:00
0.869, 2022-04-27T10:30:00+01:00, 2022-04-27T11:00:00+01:00
1.293, 2022-04-27T11:00:00+01:00, 2022-04-27T11:30:00+01:00
2.39, 2022-04-27T11:30:00+01:00, 2022-04-27T12:00:00+01:00
2.1, 2022-04-27T12:00:00+01:00, 2022-04-27T12:30:00+01:00
1.817, 2022-04-27T12:30:00+01:00, 2022-04-27T13:00:00+01:00
1.599, 2022-04-27T13:00:00+01:00, 2022-04-27T13:30:00+01:00
0.958, 2022-04-27T13:30:00+01:00, 2022-04-27T14:00:00+01:00
1.075, 2022-04-27T14:00:00+01:00, 2022-04-27T14:30:00+01:00
1, 2022-04-27T14:30:00+01:00, 2022-04-27T15:00:00+01:00
0.739, 2022-04-27T15:00:00+01:00, 2022-04-27T15:30:00+01:00
0.699, 2022-04-27T15:30:00+01:00, 2022-04-27T16:00:00+01:00
0.573, 2022-04-27T16:00:00+01:00, 2022-04-27T16:30:00+01:00
0.726, 2022-04-27T16:30:00+01:00, 2022-04-27T17:00:00+01:00
0.715, 2022-04-27T17:00:00+01:00, 2022-04-27T17:30:00+01:00
0.665, 2022-04-27T17:30:00+01:00, 2022-04-27T18:00:00+01:00
0.675, 2022-04-27T18:00:00+01:00, 2022-04-27T18:30:00+01:00
0.339, 2022-04-27T18:30:00+01:00, 2022-04-27T19:00:00+01:00
0.231, 2022-04-27T19:00:00+01:00, 2022-04-27T19:30:00+01:00
0.002, 2022-04-27T19:30:00+01:00, 2022-04-27T20:00:00+01:00
0.00E+00, 2022-04-27T20:00:00+01:00, 2022-04-27T20:30:00+01:00
0.00E+00, 2022-04-27T20:30:00+01:00, 2022-04-27T21:00:00+01:00
0.00E+00, 2022-04-27T21:00:00+01:00, 2022-04-27T21:30:00+01:00
0.00E+00, 2022-04-27T21:30:00+01:00, 2022-04-27T22:00:00+01:00
0.00E+00, 2022-04-27T22:00:00+01:00, 2022-04-27T22:30:00+01:00
0.00E+00, 2022-04-27T22:30:00+01:00, 2022-04-27T23:00:00+01:00
0.00E+00, 2022-04-27T23:00:00+01:00, 2022-04-27T23:30:00+01:00
0.00E+00, 2022-04-27T23:30:00+01:00, 2022-04-28T00:00:00+01:00
0.00E+00, 2022-04-28T00:00:00+01:00, 2022-04-28T00:30:00+01:00
0.00E+00, 2022-04-28T00:30:00+01:00, 2022-04-28T01:00:00+01:00
0.00E+00, 2022-04-28T01:00:00+01:00, 2022-04-28T01:30:00+01:00
0.00E+00, 2022-04-28T01:30:00+01:00, 2022-04-28T02:00:00+01:00
0.00E+00, 2022-04-28T02:00:00+01:00, 2022-04-28T02:30:00+01:00
0.00E+00, 2022-04-28T02:30:00+01:00, 2022-04-28T03:00:00+01:00
0.00E+00, 2022-04-28T03:00:00+01:00, 2022-04-28T03:30:00+01:00
0.00E+00, 2022-04-28T03:30:00+01:00, 2022-04-28T04:00:00+01:00
0.00E+00, 2022-04-28T04:00:00+01:00, 2022-04-28T04:30:00+01:00
0.00E+00, 2022-04-28T04:30:00+01:00, 2022-04-28T05:00:00+01:00
0.00E+00, 2022-04-28T05:00:00+01:00, 2022-04-28T05:30:00+01:00
0.00E+00, 2022-04-28T05:30:00+01:00, 2022-04-28T06:00:00+01:00
0.00E+00, 2022-04-28T06:00:00+01:00, 2022-04-28T06:30:00+01:00
0.011, 2022-04-28T06:30:00+01:00, 2022-04-28T07:00:00+01:00
0.067, 2022-04-28T07:00:00+01:00, 2022-04-28T07:30:00+01:00
0.23, 2022-04-28T07:30:00+01:00, 2022-04-28T08:00:00+01:00
0.395, 2022-04-28T08:00:00+01:00, 2022-04-28T08:30:00+01:00
0.579, 2022-04-28T08:30:00+01:00, 2022-04-28T09:00:00+01:00
0.828, 2022-04-28T09:00:00+01:00, 2022-04-28T09:30:00+01:00
0.976, 2022-04-28T09:30:00+01:00, 2022-04-28T10:00:00+01:00
1.171, 2022-04-28T10:00:00+01:00, 2022-04-28T10:30:00+01:00
1.448, 2022-04-28T10:30:00+01:00, 2022-04-28T11:00:00+01:00
1.234, 2022-04-28T11:00:00+01:00, 2022-04-28T11:30:00+01:00
1.349, 2022-04-28T11:30:00+01:00, 2022-04-28T12:00:00+01:00
1.532, 2022-04-28T12:00:00+01:00, 2022-04-28T12:30:00+01:00
1.653, 2022-04-28T12:30:00+01:00, 2022-04-28T13:00:00+01:00
1.223, 2022-04-28T13:00:00+01:00, 2022-04-28T13:30:00+01:00
0.638, 2022-04-28T13:30:00+01:00, 2022-04-28T14:00:00+01:00
1.112, 2022-04-28T14:00:00+01:00, 2022-04-28T14:30:00+01:00
0.498, 2022-04-28T14:30:00+01:00, 2022-04-28T15:00:00+01:00
0.644, 2022-04-28T15:00:00+01:00, 2022-04-28T15:30:00+01:00
0.497, 2022-04-28T15:30:00+01:00, 2022-04-28T16:00:00+01:00
0.546, 2022-04-28T16:00:00+01:00, 2022-04-28T16:30:00+01:00
0.798, 2022-04-28T16:30:00+01:00, 2022-04-28T17:00:00+01:00
0.664, 2022-04-28T17:00:00+01:00, 2022-04-28T17:30:00+01:00
0.424, 2022-04-28T17:30:00+01:00, 2022-04-28T18:00:00+01:00
0.263, 2022-04-28T18:00:00+01:00, 2022-04-28T18:30:00+01:00
0.006, 2022-04-28T18:30:00+01:00, 2022-04-28T19:00:00+01:00
0.00E+00, 2022-04-28T19:00:00+01:00, 2022-04-28T19:30:00+01:00
0.00E+00, 2022-04-28T19:30:00+01:00, 2022-04-28T20:00:00+01:00
0.00E+00, 2022-04-28T20:00:00+01:00, 2022-04-28T20:30:00+01:00
0.00E+00, 2022-04-28T20:30:00+01:00, 2022-04-28T21:00:00+01:00
0.00E+00, 2022-04-28T21:00:00+01:00, 2022-04-28T21:30:00+01:00
0.00E+00, 2022-04-28T21:30:00+01:00, 2022-04-28T22:00:00+01:00
0.00E+00, 2022-04-28T22:00:00+01:00, 2022-04-28T22:30:00+01:00
0.00E+00, 2022-04-28T22:30:00+01:00, 2022-04-28T23:00:00+01:00
0.00E+00, 2022-04-28T23:00:00+01:00, 2022-04-28T23:30:00+01:00
0.00E+00, 2022-04-28T23:30:00+01:00, 2022-04-29T00:00:00+01:00
0.00E+00, 2022-04-29T00:00:00+01:00, 2022-04-29T00:30:00+01:00
0.00E+00, 2022-04-29T00:30:00+01:00, 2022-04-29T01:00:00+01:00
0.00E+00, 2022-04-29T01:00:00+01:00, 2022-04-29T01:30:00+01:00
0.00E+00, 2022-04-29T01:30:00+01:00, 2022-04-29T02:00:00+01:00
0.00E+00, 2022-04-29T02:00:00+01:00, 2022-04-29T02:30:00+01:00
0.00E+00, 2022-04-29T02:30:00+01:00, 2022-04-29T03:00:00+01:00
0.00E+00, 2022-04-29T03:00:00+01:00, 2022-04-29T03:30:00+01:00
0.00E+00, 2022-04-29T03:30:00+01:00, 2022-04-29T04:00:00+01:00
0.00E+00, 2022-04-29T04:00:00+01:00, 2022-04-29T04:30:00+01:00
0.00E+00, 2022-04-29T04:30:00+01:00, 2022-04-29T05:00:00+01:00
0.00E+00, 2022-04-29T05:00:00+01:00, 2022-04-29T05:30:00+01:00
0.00E+00, 2022-04-29T05:30:00+01:00, 2022-04-29T06:00:00+01:00
0.00E+00, 2022-04-29T06:00:00+01:00, 2022-04-29T06:30:00+01:00
0.05, 2022-04-29T06:30:00+01:00, 2022-04-29T07:00:00+01:00
0.316, 2022-04-29T07:00:00+01:00, 2022-04-29T07:30:00+01:00
0.716, 2022-04-29T07:30:00+01:00, 2022-04-29T08:00:00+01:00
1.006, 2022-04-29T08:00:00+01:00, 2022-04-29T08:30:00+01:00
1.15, 2022-04-29T08:30:00+01:00, 2022-04-29T09:00:00+01:00
1.445, 2022-04-29T09:00:00+01:00, 2022-04-29T09:30:00+01:00
1.46, 2022-04-29T09:30:00+01:00, 2022-04-29T10:00:00+01:00
1.66, 2022-04-29T10:00:00+01:00, 2022-04-29T10:30:00+01:00
2.032, 2022-04-29T10:30:00+01:00, 2022-04-29T11:00:00+01:00
1.423, 2022-04-29T11:00:00+01:00, 2022-04-29T11:30:00+01:00
1.788, 2022-04-29T11:30:00+01:00, 2022-04-29T12:00:00+01:00
1.698, 2022-04-29T12:00:00+01:00, 2022-04-29T12:30:00+01:00
1.582, 2022-04-29T12:30:00+01:00, 2022-04-29T13:00:00+01:00
2.17, 2022-04-29T13:00:00+01:00, 2022-04-29T13:30:00+01:00
1.878, 2022-04-29T13:30:00+01:00, 2022-04-29T14:00:00+01:00
1.116, 2022-04-29T14:00:00+01:00, 2022-04-29T14:30:00+01:00
0.417, 2022-04-29T14:30:00+01:00, 2022-04-29T15:00:00+01:00
0.415, 2022-04-29T15:00:00+01:00, 2022-04-29T15:30:00+01:00
0.217, 2022-04-29T15:30:00+01:00, 2022-04-29T16:00:00+01:00
0.841, 2022-04-29T16:00:00+01:00, 2022-04-29T16:30:00+01:00
0.617, 2022-04-29T16:30:00+01:00, 2022-04-29T17:00:00+01:00
0.553, 2022-04-29T17:00:00+01:00, 2022-04-29T17:30:00+01:00
0.311, 2022-04-29T17:30:00+01:00, 2022-04-29T18:00:00+01:00
0.24, 2022-04-29T18:00:00+01:00, 2022-04-29T18:30:00+01:00
0.042, 2022-04-29T18:30:00+01:00, 2022-04-29T19:00:00+01:00
0.007, 2022-04-29T19:00:00+01:00, 2022-04-29T19:30:00+01:00
0.00E+00, 2022-04-29T19:30:00+01:00, 2022-04-29T20:00:00+01:00
0.00E+00, 2022-04-29T20:00:00+01:00, 2022-04-29T20:30:00+01:00
0.00E+00, 2022-04-29T20:30:00+01:00, 2022-04-29T21:00:00+01:00
0.00E+00, 2022-04-29T21:00:00+01:00, 2022-04-29T21:30:00+01:00
0.00E+00, 2022-04-29T21:30:00+01:00, 2022-04-29T22:00:00+01:00
0.00E+00, 2022-04-29T22:00:00+01:00, 2022-04-29T22:30:00+01:00
0.00E+00, 2022-04-29T22:30:00+01:00, 2022-04-29T23:00:00+01:00
0.00E+00, 2022-04-29T23:00:00+01:00, 2022-04-29T23:30:00+01:00
0.00E+00, 2022-04-29T23:30:00+01:00, 2022-04-30T00:00:00+01:00
0.00E+00, 2022-04-30T00:00:00+01:00, 2022-04-30T00:30:00+01:00
0.00E+00, 2022-04-30T00:30:00+01:00, 2022-04-30T01:00:00+01:00
0.00E+00, 2022-04-30T01:00:00+01:00, 2022-04-30T01:30:00+01:00
0.00E+00, 2022-04-30T01:30:00+01:00, 2022-04-30T02:00:00+01:00
0.00E+00, 2022-04-30T02:00:00+01:00, 2022-04-30T02:30:00+01:00
0.00E+00, 2022-04-30T02:30:00+01:00, 2022-04-30T03:00:00+01:00
0.00E+00, 2022-04-30T03:00:00+01:00, 2022-04-30T03:30:00+01:00
0.00E+00, 2022-04-30T03:30:00+01:00, 2022-04-30T04:00:00+01:00
0.00E+00, 2022-04-30T04:00:00+01:00, 2022-04-30T04:30:00+01:00
0.00E+00, 2022-04-30T04:30:00+01:00, 2022-04-30T05:00:00+01:00
0.00E+00, 2022-04-30T05:00:00+01:00, 2022-04-30T05:30:00+01:00
0.00E+00, 2022-04-30T05:30:00+01:00, 2022-04-30T06:00:00+01:00
0.001, 2022-04-30T06:00:00+01:00, 2022-04-30T06:30:00+01:00
0.025, 2022-04-30T06:30:00+01:00, 2022-04-30T07:00:00+01:00
0.317, 2022-04-30T07:00:00+01:00, 2022-04-30T07:30:00+01:00
0.704, 2022-04-30T07:30:00+01:00, 2022-04-30T08:00:00+01:00
1.007, 2022-04-30T08:00:00+01:00, 2022-04-30T08:30:00+01:00
1.283, 2022-04-30T08:30:00+01:00, 2022-04-30T09:00:00+01:00
1.6, 2022-04-30T09:00:00+01:00, 2022-04-30T09:30:00+01:00
1.691, 2022-04-30T09:30:00+01:00, 2022-04-30T10:00:00+01:00
2.021, 2022-04-30T10:00:00+01:00, 2022-04-30T10:30:00+01:00
2.25, 2022-04-30T10:30:00+01:00, 2022-04-30T11:00:00+01:00
2.3, 2022-04-30T11:00:00+01:00, 2022-04-30T11:30:00+01:00
2.18, 2022-04-30T11:30:00+01:00, 2022-04-30T12:00:00+01:00
2.367, 2022-04-30T12:00:00+01:00, 2022-04-30T12:30:00+01:00
2.356, 2022-04-30T12:30:00+01:00, 2022-04-30T13:00:00+01:00
2.238, 2022-04-30T13:00:00+01:00, 2022-04-30T13:30:00+01:00
2.332, 2022-04-30T13:30:00+01:00, 2022-04-30T14:00:00+01:00
1.732, 2022-04-30T14:00:00+01:00, 2022-04-30T14:30:00+01:00
1.537, 2022-04-30T14:30:00+01:00, 2022-04-30T15:00:00+01:00
2.132, 2022-04-30T15:00:00+01:00, 2022-04-30T15:30:00+01:00
1.845, 2022-04-30T15:30:00+01:00, 2022-04-30T16:00:00+01:00
1.877, 2022-04-30T16:00:00+01:00, 2022-04-30T16:30:00+01:00
1.645, 2022-04-30T16:30:00+01:00, 2022-04-30T17:00:00+01:00
1.207, 2022-04-30T17:00:00+01:00, 2022-04-30T17:30:00+01:00
0.832, 2022-04-30T17:30:00+01:00, 2022-04-30T18:00:00+01:00
0.37, 2022-04-30T18:00:00+01:00, 2022-04-30T18:30:00+01:00
0.276, 2022-04-30T18:30:00+01:00, 2022-04-30T19:00:00+01:00
0.114, 2022-04-30T19:00:00+01:00, 2022-04-30T19:30:00+01:00
0.005, 2022-04-30T19:30:00+01:00, 2022-04-30T20:00:00+01:00
0.00E+00, 2022-04-30T20:00:00+01:00, 2022-04-30T20:30:00+01:00
0.00E+00, 2022-04-30T20:30:00+01:00, 2022-04-30T21:00:00+01:00
0.00E+00, 2022-04-30T21:00:00+01:00, 2022-04-30T21:30:00+01:00
0.00E+00, 2022-04-30T21:30:00+01:00, 2022-04-30T22:00:00+01:00
0.00E+00, 2022-04-30T22:00:00+01:00, 2022-04-30T22:30:00+01:00
0.00E+00, 2022-04-30T22:30:00+01:00, 2022-04-30T23:00:00+01:00
0.00E+00, 2022-04-30T23:00:00+01:00, 2022-04-30T23:30:00+01:00
0.00E+00, 2022-04-30T23:30:00+01:00, 2022-05-01T00:00:00+01:00
0.00E+00, 2022-05-01T00:00:00+01:00, 2022-05-01T00:30:00+01:00
0.00E+00, 2022-05-01T00:30:00+01:00, 2022-05-01T01:00:00+01:00
0.00E+00, 2022-05-01T01:00:00+01:00, 2022-05-01T01:30:00+01:00
0.00E+00, 2022-05-01T01:30:00+01:00, 2022-05-01T02:00:00+01:00
0.00E+00, 2022-05-01T02:00:00+01:00, 2022-05-01T02:30:00+01:00
0.00E+00, 2022-05-01T02:30:00+01:00, 2022-05-01T03:00:00+01:00
0.00E+00, 2022-05-01T03:00:00+01:00, 2022-05-01T03:30:00+01:00
0.00E+00, 2022-05-01T03:30:00+01:00, 2022-05-01T04:00:00+01:00
0.00E+00, 2022-05-01T04:00:00+01:00, 2022-05-01T04:30:00+01:00
0.00E+00, 2022-05-01T04:30:00+01:00, 2022-05-01T05:00:00+01:00
0.00E+00, 2022-05-01T05:00:00+01:00, 2022-05-01T05:30:00+01:00
0.00E+00, 2022-05-01T05:30:00+01:00, 2022-05-01T06:00:00+01:00
0.00E+00, 2022-05-01T06:00:00+01:00, 2022-05-01T06:30:00+01:00
0.028, 2022-05-01T06:30:00+01:00, 2022-05-01T07:00:00+01:00
0.137, 2022-05-01T07:00:00+01:00, 2022-05-01T07:30:00+01:00
0.278, 2022-05-01T07:30:00+01:00, 2022-05-01T08:00:00+01:00
0.455, 2022-05-01T08:00:00+01:00, 2022-05-01T08:30:00+01:00
0.666, 2022-05-01T08:30:00+01:00, 2022-05-01T09:00:00+01:00
0.739, 2022-05-01T09:00:00+01:00, 2022-05-01T09:30:00+01:00
0.82, 2022-05-01T09:30:00+01:00, 2022-05-01T10:00:00+01:00
0.91, 2022-05-01T10:00:00+01:00, 2022-05-01T10:30:00+01:00
0.785, 2022-05-01T10:30:00+01:00, 2022-05-01T11:00:00+01:00
0.949, 2022-05-01T11:00:00+01:00, 2022-05-01T11:30:00+01:00
0.992, 2022-05-01T11:30:00+01:00, 2022-05-01T12:00:00+01:00
0.451, 2022-05-01T12:00:00+01:00, 2022-05-01T12:30:00+01:00
0.607, 2022-05-01T12:30:00+01:00, 2022-05-01T13:00:00+01:00
1.193, 2022-05-01T13:00:00+01:00, 2022-05-01T13:30:00+01:00
0.708, 2022-05-01T13:30:00+01:00, 2022-05-01T14:00:00+01:00
0.963, 2022-05-01T14:00:00+01:00, 2022-05-01T14:30:00+01:00
1.119, 2022-05-01T14:30:00+01:00, 2022-05-01T15:00:00+01:00
0.665, 2022-05-01T15:00:00+01:00, 2022-05-01T15:30:00+01:00
0.537, 2022-05-01T15:30:00+01:00, 2022-05-01T16:00:00+01:00
0.475, 2022-05-01T16:00:00+01:00, 2022-05-01T16:30:00+01:00
0.38, 2022-05-01T16:30:00+01:00, 2022-05-01T17:00:00+01:00
0.334, 2022-05-01T17:00:00+01:00, 2022-05-01T17:30:00+01:00
0.195, 2022-05-01T17:30:00+01:00, 2022-05-01T18:00:00+01:00
0.099, 2022-05-01T18:00:00+01:00, 2022-05-01T18:30:00+01:00
0.004, 2022-05-01T18:30:00+01:00, 2022-05-01T19:00:00+01:00
0.00E+00, 2022-05-01T19:00:00+01:00, 2022-05-01T19:30:00+01:00
0.00E+00, 2022-05-01T19:30:00+01:00, 2022-05-01T20:00:00+01:00
0.00E+00, 2022-05-01T20:00:00+01:00, 2022-05-01T20:30:00+01:00
0.00E+00, 2022-05-01T20:30:00+01:00, 2022-05-01T21:00:00+01:00
0.00E+00, 2022-05-01T21:00:00+01:00, 2022-05-01T21:30:00+01:00
0.00E+00, 2022-05-01T21:30:00+01:00, 2022-05-01T22:00:00+01:00
0.00E+00, 2022-05-01T22:00:00+01:00, 2022-05-01T22:30:00+01:00
0.00E+00, 2022-05-01T22:30:00+01:00, 2022-05-01T23:00:00+01:00
0.00E+00, 2022-05-01T23:00:00+01:00, 2022-05-01T23:30:00+01:00
0.00E+00, 2022-05-01T23:30:00+01:00, 2022-05-02T00:00:00+01:00
0.00E+00, 2022-05-02T00:00:00+01:00, 2022-05-02T00:30:00+01:00
0.00E+00, 2022-05-02T00:30:00+01:00, 2022-05-02T01:00:00+01:00
0.00E+00, 2022-05-02T01:00:00+01:00, 2022-05-02T01:30:00+01:00
0.00E+00, 2022-05-02T01:30:00+01:00, 2022-05-02T02:00:00+01:00
0.00E+00, 2022-05-02T02:00:00+01:00, 2022-05-02T02:30:00+01:00
0.00E+00, 2022-05-02T02:30:00+01:00, 2022-05-02T03:00:00+01:00
0.00E+00, 2022-05-02T03:00:00+01:00, 2022-05-02T03:30:00+01:00
0.00E+00, 2022-05-02T03:30:00+01:00, 2022-05-02T04:00:00+01:00
0.00E+00, 2022-05-02T04:00:00+01:00, 2022-05-02T04:30:00+01:00
0.00E+00, 2022-05-02T04:30:00+01:00, 2022-05-02T05:00:00+01:00
0.00E+00, 2022-05-02T05:00:00+01:00, 2022-05-02T05:30:00+01:00
0.00E+00, 2022-05-02T05:30:00+01:00, 2022-05-02T06:00:00+01:00
0.00E+00, 2022-05-02T06:00:00+01:00, 2022-05-02T06:30:00+01:00
0.00E+00, 2022-05-02T06:30:00+01:00, 2022-05-02T07:00:00+01:00
0.009, 2022-05-02T07:00:00+01:00, 2022-05-02T07:30:00+01:00
0.207, 2022-05-02T07:30:00+01:00, 2022-05-02T08:00:00+01:00
0.617, 2022-05-02T08:00:00+01:00, 2022-05-02T08:30:00+01:00
0.852, 2022-05-02T08:30:00+01:00, 2022-05-02T09:00:00+01:00
0.597, 2022-05-02T09:00:00+01:00, 2022-05-02T09:30:00+01:00
0.441, 2022-05-02T09:30:00+01:00, 2022-05-02T10:00:00+01:00
0.846, 2022-05-02T10:00:00+01:00, 2022-05-02T10:30:00+01:00
0.392, 2022-05-02T10:30:00+01:00, 2022-05-02T11:00:00+01:00
0.04, 2022-05-02T11:00:00+01:00, 2022-05-02T11:30:00+01:00
0.448, 2022-05-02T11:30:00+01:00, 2022-05-02T12:00:00+01:00
0.407, 2022-05-02T12:00:00+01:00, 2022-05-02T12:30:00+01:00
0.05, 2022-05-02T12:30:00+01:00, 2022-05-02T13:00:00+01:00
0.217, 2022-05-02T13:00:00+01:00, 2022-05-02T13:30:00+01:00
1.418, 2022-05-02T13:30:00+01:00, 2022-05-02T14:00:00+01:00
1.631, 2022-05-02T14:00:00+01:00, 2022-05-02T14:30:00+01:00
1.562, 2022-05-02T14:30:00+01:00, 2022-05-02T15:00:00+01:00
0.765, 2022-05-02T15:00:00+01:00, 2022-05-02T15:30:00+01:00
0.51, 2022-05-02T15:30:00+01:00, 2022-05-02T16:00:00+01:00
0.169, 2022-05-02T16:00:00+01:00, 2022-05-02T16:30:00+01:00
0.032, 2022-05-02T16:30:00+01:00, 2022-05-02T17:00:00+01:00
0.00E+00, 2022-05-02T17:00:00+01:00, 2022-05-02T17:30:00+01:00
0.00E+00, 2022-05-02T17:30:00+01:00, 2022-05-02T18:00:00+01:00
0.00E+00, 2022-05-02T18:00:00+01:00, 2022-05-02T18:30:00+01:00
0.00E+00, 2022-05-02T18:30:00+01:00, 2022-05-02T19:00:00+01:00
0.00E+00, 2022-05-02T19:00:00+01:00, 2022-05-02T19:30:00+01:00
0.00E+00, 2022-05-02T19:30:00+01:00, 2022-05-02T20:00:00+01:00
0.00E+00, 2022-05-02T20:00:00+01:00, 2022-05-02T20:30:00+01:00
0.00E+00, 2022-05-02T20:30:00+01:00, 2022-05-02T21:00:00+01:00
0.00E+00, 2022-05-02T21:00:00+01:00, 2022-05-02T21:30:00+01:00
0.00E+00, 2022-05-02T21:30:00+01:00, 2022-05-02T22:00:00+01:00
0.00E+00, 2022-05-02T22:00:00+01:00, 2022-05-02T22:30:00+01:00
0.00E+00, 2022-05-02T22:30:00+01:00, 2022-05-02T23:00:00+01:00
0.00E+00, 2022-05-02T23:00:00+01:00, 2022-05-02T23:30:00+01:00
0.00E+00, 2022-05-02T23:30:00+01:00, 2022-05-03T00:00:00+01:00
0.00E+00, 2022-05-03T00:00:00+01:00, 2022-05-03T00:30:00+01:00
0.00E+00, 2022-05-03T00:30:00+01:00, 2022-05-03T01:00:00+01:00
0.00E+00, 2022-05-03T01:00:00+01:00, 2022-05-03T01:30:00+01:00
0.00E+00, 2022-05-03T01:30:00+01:00, 2022-05-03T02:00:00+01:00
0.00E+00, 2022-05-03T02:00:00+01:00, 2022-05-03T02:30:00+01:00
0.00E+00, 2022-05-03T02:30:00+01:00, 2022-05-03T03:00:00+01:00
0.00E+00, 2022-05-03T03:00:00+01:00, 2022-05-03T03:30:00+01:00
0.00E+00, 2022-05-03T03:30:00+01:00, 2022-05-03T04:00:00+01:00
0.00E+00, 2022-05-03T04:00:00+01:00, 2022-05-03T04:30:00+01:00
0.00E+00, 2022-05-03T04:30:00+01:00, 2022-05-03T05:00:00+01:00
0.00E+00, 2022-05-03T05:00:00+01:00, 2022-05-03T05:30:00+01:00
0.00E+00, 2022-05-03T05:30:00+01:00, 2022-05-03T06:00:00+01:00
0.00E+00, 2022-05-03T06:00:00+01:00, 2022-05-03T06:30:00+01:00
0.00E+00, 2022-05-03T06:30:00+01:00, 2022-05-03T07:00:00+01:00
0.048, 2022-05-03T07:00:00+01:00, 2022-05-03T07:30:00+01:00
0.019, 2022-05-03T07:30:00+01:00, 2022-05-03T08:00:00+01:00
0.072, 2022-05-03T08:00:00+01:00, 2022-05-03T08:30:00+01:00
0.205, 2022-05-03T08:30:00+01:00, 2022-05-03T09:00:00+01:00
0.405, 2022-05-03T09:00:00+01:00, 2022-05-03T09:30:00+01:00
0.49, 2022-05-03T09:30:00+01:00, 2022-05-03T10:00:00+01:00
0.643, 2022-05-03T10:00:00+01:00, 2022-05-03T10:30:00+01:00
0.825, 2022-05-03T10:30:00+01:00, 2022-05-03T11:00:00+01:00
1.076, 2022-05-03T11:00:00+01:00, 2022-05-03T11:30:00+01:00
1.19, 2022-05-03T11:30:00+01:00, 2022-05-03T12:00:00+01:00
1.512, 2022-05-03T12:00:00+01:00, 2022-05-03T12:30:00+01:00
1.717, 2022-05-03T12:30:00+01:00, 2022-05-03T13:00:00+01:00
1.499, 2022-05-03T13:00:00+01:00, 2022-05-03T13:30:00+01:00
1.004, 2022-05-03T13:30:00+01:00, 2022-05-03T14:00:00+01:00
0.76, 2022-05-03T14:00:00+01:00, 2022-05-03T14:30:00+01:00
0.62, 2022-05-03T14:30:00+01:00, 2022-05-03T15:00:00+01:00
0.291, 2022-05-03T15:00:00+01:00, 2022-05-03T15:30:00+01:00
0.023, 2022-05-03T15:30:00+01:00, 2022-05-03T16:00:00+01:00
0.00E+00, 2022-05-03T16:00:00+01:00, 2022-05-03T16:30:00+01:00
0.00E+00, 2022-05-03T16:30:00+01:00, 2022-05-03T17:00:00+01:00
0.033, 2022-05-03T17:00:00+01:00, 2022-05-03T17:30:00+01:00
0.099, 2022-05-03T17:30:00+01:00, 2022-05-03T18:00:00+01:00
0.026, 2022-05-03T18:00:00+01:00, 2022-05-03T18:30:00+01:00
0.093, 2022-05-03T18:30:00+01:00, 2022-05-03T19:00:00+01:00
0.00E+00, 2022-05-03T19:00:00+01:00, 2022-05-03T19:30:00+01:00
0.00E+00, 2022-05-03T19:30:00+01:00, 2022-05-03T20:00:00+01:00
0.00E+00, 2022-05-03T20:00:00+01:00, 2022-05-03T20:30:00+01:00
0.00E+00, 2022-05-03T20:30:00+01:00, 2022-05-03T21:00:00+01:00
0.00E+00, 2022-05-03T21:00:00+01:00, 2022-05-03T21:30:00+01:00
0.00E+00, 2022-05-03T21:30:00+01:00, 2022-05-03T22:00:00+01:00
0.00E+00, 2022-05-03T22:00:00+01:00, 2022-05-03T22:30:00+01:00
0.00E+00, 2022-05-03T22:30:00+01:00, 2022-05-03T23:00:00+01:00
0.00E+00, 2022-05-03T23:00:00+01:00, 2022-05-03T23:30:00+01:00
0.00E+00, 2022-05-03T23:30:00+01:00, 2022-05-04T00:00:00+01:00
0.00E+00, 2022-05-04T00:00:00+01:00, 2022-05-04T00:30:00+01:00
0.00E+00, 2022-05-04T00:30:00+01:00, 2022-05-04T01:00:00+01:00
0.00E+00, 2022-05-04T01:00:00+01:00, 2022-05-04T01:30:00+01:00
0.00E+00, 2022-05-04T01:30:00+01:00, 2022-05-04T02:00:00+01:00
0.00E+00, 2022-05-04T02:00:00+01:00, 2022-05-04T02:30:00+01:00
0.00E+00, 2022-05-04T02:30:00+01:00, 2022-05-04T03:00:00+01:00
0.00E+00, 2022-05-04T03:00:00+01:00, 2022-05-04T03:30:00+01:00
0.00E+00, 2022-05-04T03:30:00+01:00, 2022-05-04T04:00:00+01:00
0.00E+00, 2022-05-04T04:00:00+01:00, 2022-05-04T04:30:00+01:00
0.00E+00, 2022-05-04T04:30:00+01:00, 2022-05-04T05:00:00+01:00
0.00E+00, 2022-05-04T05:00:00+01:00, 2022-05-04T05:30:00+01:00
0.00E+00, 2022-05-04T05:30:00+01:00, 2022-05-04T06:00:00+01:00
0.00E+00, 2022-05-04T06:00:00+01:00, 2022-05-04T06:30:00+01:00
0.00E+00, 2022-05-04T06:30:00+01:00, 2022-05-04T07:00:00+01:00
0.068, 2022-05-04T07:00:00+01:00, 2022-05-04T07:30:00+01:00
0.301, 2022-05-04T07:30:00+01:00, 2022-05-04T08:00:00+01:00
0.523, 2022-05-04T08:00:00+01:00, 2022-05-04T08:30:00+01:00
0.959, 2022-05-04T08:30:00+01:00, 2022-05-04T09:00:00+01:00
1.426, 2022-05-04T09:00:00+01:00, 2022-05-04T09:30:00+01:00
1.519, 2022-05-04T09:30:00+01:00, 2022-05-04T10:00:00+01:00
1.012, 2022-05-04T10:00:00+01:00, 2022-05-04T10:30:00+01:00
0.681, 2022-05-04T10:30:00+01:00, 2022-05-04T11:00:00+01:00
1.023, 2022-05-04T11:00:00+01:00, 2022-05-04T11:30:00+01:00
0.927, 2022-05-04T11:30:00+01:00, 2022-05-04T12:00:00+01:00
1.182, 2022-05-04T12:00:00+01:00, 2022-05-04T12:30:00+01:00
1.03, 2022-05-04T12:30:00+01:00, 2022-05-04T13:00:00+01:00
1.44, 2022-05-04T13:00:00+01:00, 2022-05-04T13:30:00+01:00
0.685, 2022-05-04T13:30:00+01:00, 2022-05-04T14:00:00+01:00
1.459, 2022-05-04T14:00:00+01:00, 2022-05-04T14:30:00+01:00
1.467, 2022-05-04T14:30:00+01:00, 2022-05-04T15:00:00+01:00
1.236, 2022-05-04T15:00:00+01:00, 2022-05-04T15:30:00+01:00
1.495, 2022-05-04T15:30:00+01:00, 2022-05-04T16:00:00+01:00
1.46, 2022-05-04T16:00:00+01:00, 2022-05-04T16:30:00+01:00
0.585, 2022-05-04T16:30:00+01:00, 2022-05-04T17:00:00+01:00
0.917, 2022-05-04T17:00:00+01:00, 2022-05-04T17:30:00+01:00
1.313, 2022-05-04T17:30:00+01:00, 2022-05-04T18:00:00+01:00
0.473, 2022-05-04T18:00:00+01:00, 2022-05-04T18:30:00+01:00
0.228, 2022-05-04T18:30:00+01:00, 2022-05-04T19:00:00+01:00
0.236, 2022-05-04T19:00:00+01:00, 2022-05-04T19:30:00+01:00
0.00E+00, 2022-05-04T19:30:00+01:00, 2022-05-04T20:00:00+01:00
0.00E+00, 2022-05-04T20:00:00+01:00, 2022-05-04T20:30:00+01:00
0.00E+00, 2022-05-04T20:30:00+01:00, 2022-05-04T21:00:00+01:00
0.00E+00, 2022-05-04T21:00:00+01:00, 2022-05-04T21:30:00+01:00
0.00E+00, 2022-05-04T21:30:00+01:00, 2022-05-04T22:00:00+01:00
0.00E+00, 2022-05-04T22:00:00+01:00, 2022-05-04T22:30:00+01:00
0.00E+00, 2022-05-04T22:30:00+01:00, 2022-05-04T23:00:00+01:00
0.00E+00, 2022-05-04T23:00:00+01:00, 2022-05-04T23:30:00+01:00
0.00E+00, 2022-05-04T23:30:00+01:00, 2022-05-05T00:00:00+01:00
,,
,,
,,
,,
,,
,,
,,
,,
,,
,,
,,
,,
,,
,,
,,
,,
,,
,,
,,
,,
,,
,,
,,
,,
,,
,,
,,
,,
,,
,,
,,
,,
,,
,,
,,
,,
,,
,,
,,
,,
,,
,,
,,
,,
,,
,,
,,
,,
,,
,,
,,
,,
,,
,,
,,
,,
,,
,,
,,
,,
,,
,,
,,
,,
,,
,,
,,
,,
,,
,,
,,
,,
,,
,,
,,
,,
,,
,,
,,
,,
,,
,,
,,
,,
,,
,,
,,
,,
,,
,,
,,
,,
,,
,,
,,
,,
,,
,,
,,
,,
,,
,,
,,
,,
,,
,,
,,
,,
,,
,,
,,
,,
,,
,,
,,
,,
,,
,,
,,
,,
,,
,,
,,
,,
,,
,,
,,
,,
,,
,,
,,
,,
,,
,,
,,
,,
,,
,,
,,
,,
,,
,,
,,
,,
,,
,,
,,
,,
,,
,,
,,
,,
,,
,,
,,
,,
,,
,,
,,
,,
,,
,,
,,
,,
,,
,,
,,
,,
,,
,,
,,
,,
,,
,,
,,
,,
,,
,,
,,
,,
,,
,,
,,
,,
,,
,,
,,
,,
,,
,,
,,
,,
,,
,,
,,
,,
,,
,,
,,
,,
,,
,,
,,
,,
,,
,,
,,
,,
,,
,,
,,
,,
,,
,,
,,
,,
,,
,,
,,
,,
,,
,,
,,
,,
,,
,,
,,
,,
,,
,,
,,
,,
,,
,,
,,
,,
,,
,,
,,
,,
,,
,,
,,
,,
,,
,,
,,
,,
,,
,,
,,
,,
,,
,,
,,
,,
,,
,,
,,
,,
,,
,,
,,
,,
,,
,,
,,
,,
,,
,,
,,
,,
,,
,,
,,
,,
,,
,,
,,
,,
,,
,,
,,
,,
,,
,,
,,
,,
,,
,,
,,
,,
,,
,,
,,
,,
,,
,,
,,
,,
,,
,,
,,
,,
,,
,,
,,
,,
,,
,,
,,
,,
,,
,,
,,
,,
,,
,,
,,
,,
,,
,,
,,
,,
,,
,,
,,
,,
,,
,,
,,
,,
,,
,,
,,
,,
,,
,,
,,
,,
,,
,,
,,
,,
,,
,,
,,
,,
,,
,,
,,
,,
,,
,,
,,
,,
,,
,,
,,
,,
,,
,,
,,
,,
,,
,,
,,
,,
,,
,,
,,
,,
,,
,,
,,
,,
,,
,,
,,
,,
,,
,,
,,
,,
,,
,,
,,
,,
,,
,,
,,
,,
,,
,,
,,
,,
,,
,,
,,
,,
,,
,,
,,
,,
,,
,,
,,
,,
,,
,,
,,
,,
,,
,,
,,
,,
,,
,,
,,
,,
,,
,,
,,
,,
,,
,,
,,
,,
,,
,,
,,
,,
,,
,,
,,
,,
,,
,,
,,
,,
,,
,,
,,
,,
,,
,,
,,
,,
,,
,,
,,
,,
,,
,,
,,
,,
,,
,,
,,
,,
,,
,,
,,
,,
,,
,,
,,
,,
,,
,,
,,
,,
,,
,,
,,
,,
,,
,,
,,
,,
,,
,,
,,
,,
,,
,,
,,
,,
,,
,,
,,
,,
,,
,,
,,
,,
,,
,,
,,
,,
,,
,,
,,
,,
,,
,,
,,
,,
,,
,,
,,
,,
,,
,,
,,
,,
,,
,,
,,
,,
,,
,,
,,
,,
,,
,,
,,
,,
,,
,,
,,
,,
,,
,,
,,
,,
,,
,,
,,
,,
,,
,,
,,
,,
,,
,,
,,
,,
,,
,,
,,
,,
,,
,,
,,
,,
,,
,,
,,
,,
,,
,,
,,
,,
,,
,,
,,
,,
,,
,,
,,
,,
,,
,,
,,
,,
,,
,,
,,
,,
,,
,,
,,
,,
,,
,,
,,
,,
,,
,,
,,
,,
,,
,,
,,
,,
,,
,,
,,
,,
,,
,,
,,
,,
,,
,,
,,
,,
,,
,,
,,
,,
,,
,,
,,
,,
,,
,,
,,
,,
,,
,,
,,
,,
,,
,,
,,
,,
,,
,,
,,
,,
,,
,,
,,
,,
,,
,,
,,
,,
,,
,,
,,
,,
,,
,,
,,
,,
,,
,,
,,
,,
,,
,,
,,
,,
,,
,,
,,
,,
,,
,,
,,
,,
,,
,,
,,
,,
,,
,,
,,
,,
,,
,,
,,
,,
,,
,,
,,
,,
,,
,,
,,
,,
,,
,,
,,
,,
,,
,,
,,
,,
,,
,,
,,
,,
,,
,,
,,
,,
,,
,,
,,
,,
,,
,,
,,
,,
,,
,,
,,
,,
,,
,,
,,
,,
,,
,,
,,
,,
,,
,,
,,
,,
,,
,,
,,
,,
,,
,,
,,
,,
,,
,,
,,
,,
,,
,,
,,
,,
,,
,,
,,
,,
,,
,,
,,
,,
,,
,,
,,
,,
,,
,,
,,
,,
,,
,,
,,
,,
,,
,,
,,
,,
,,
,,
,,
,,
,,
,,
,,
,,
,,
,,
,,
,,
,,
,,
,,
,,
,,
,,
,,
,,
,,
,,
,,
,,
,,
,,
,,
,,
,,
,,
,,
,,
,,
,,
,,
,,
,,
,,
,,
,,
,,
,,
,,
,,
,,
,,
,,
,,
,,
,,
,,
,,
,,
,,
